date_requested,uuid,title,description,keywords,snippet,url,image_url,language,published_at,source,relevance_score,ticker
2024-02-22,53abfb6d-d283-4fa7-878a-e2a877f3ba62,"Nvidia’s surge ripples across stock market — lifting AI, tech and semiconductor ETFs",Several exchange-traded funds that buy stocks with exposure to artificial intelligence surged Thursday after closely watched AI beneficiary Nvidia Corp. beat...,"article_normal, stocks, ai, nvidia, etf, tech, Computers/Electronics, Software, Artificial Intelligence Technologies, Semiconductors, Banking, Trusts/Funds/Financial Vehicles, Financial Investment Services, Market Research/Public Relations, Public Relations, Advertising/Marketing/Public Relations, Business/Consumer Services, Banking/Credit, Computing, Computer Hardware, Exchange Traded Funds, Financial Services, Industrial Electronics, Industrial Goods, Internet/Online Services, Integrated Circuits, Investing/Securities, Technology, Graphics Processing Units, Private Banking/Wealth Management, Financial Performance, Ownership Changes, Acquisitions/Mergers/Shareholdings, Information Technology, Corporate Actions, Corporate/Industrial News, Artificial Intelligence/Machine Learning, Political/General News, Computer Science, Sciences/Humanities, Equity Markets, Fund Markets, Commodity/Financial Market News, Content Types, Factiva Filters, C&E Exclusion Filter, C&E Industry News Filter, AI, Nvidia, ETF, NVIDIA Corp., NVDA, Invesco AI & Next Gen Software ETF, IGPT, Vanguard Information Technology ETF, VGT, Roundhill Magnificent Seven ETF, MAGS, iShares U.S. Technology ETF, IYW, Roundhill Generative AI & Technology ETF, CHAT, Global X Artificial Intelligence & Technology ETF, AIQ, Global X Robotics & Artificial Intelligence ETF, BOTZ, ROBO Global Robotics & Automation Index ETF, ROBO, WisdomTree Artificial Intelligence & Innovation Fund, WTAI, VanEck Semiconductor ETF, SMH, ROBO Global Artificial Intelligence ETF, THNQ, iShares Robotics & Artificial Intelligence Multisector ETF, IRBO, Technology Select Sector SPDR ETF, XLK, iShares Semiconductor ETF, SOXX, S&P 500 Information Technology Sector Index, XX:SP500.45, financial performance, ownership changes, acquisitions, mergers, shareholdings, information technology, corporate actions, corporate, industrial news, artificial intelligence, machine learning, political, general news, computer science, sciences, humanities, equity markets, fund markets, commodity, financial market news, content types, factiva filters, c&e exclusion filter, c&e industry news filter, computers, electronics, software, artificial intelligence technologies, semiconductors, banking, trusts, funds, financial vehicles, financial investment services, market research, public relations, advertising, marketing, business, consumer services, credit, computing, computer hardware, exchange traded funds, financial services, industrial electronics, industrial goods, internet, online services, integrated circuits, investing, securities, technology, graphics processing units, private banking, wealth management",Several exchange-traded funds that buy stocks with exposure to artificial intelligence surged Thursday after closely watched AI beneficiary Nvidia Corp. beat ea...,https://www.marketwatch.com/story/nvidias-surge-ripples-across-stock-market-lifting-ai-tech-and-semiconductor-etfs-69f6e766?g=ada1d742-0897-4736-a074-bd9cddf0a526&mod=mw_rss_bulletins,https://images.mktw.net/im-89200862/social,en,2024-02-22 22:11:53+00:00,marketwatch.com,,AAPL
2024-02-22,1cdf3b18-b119-4b97-b44c-3962bb65a44b,Nvidia adds $372 billion in stock market value in Wall Street’s biggest one-day gain in history,The rise in Nvidia’s market value on Feb 22 eclipsed the entire value of Coca-Cola. Read more at straitstimes.com.,,"OAKLAND, California - Nvidia added US$277 billion (S$372 billion) in stock market value on Feb 22, Wall Street’s largest one-day gain in history after the hea...",https://www.straitstimes.com/business/nvidia-adds-372-billion-in-stock-market-value-in-wall-street-s-biggest-one-day-gain-in-history,https://static1.straitstimes.com.sg/s3fs-public/styles/large30x20/public/articles/2024/02/23/2024-02-22T122001Z1403033189RC2KOZ9WD1J2RTRMADP3NVIDIA-RESULTS-FRANKFURT-SHARES.JPG,en,2024-02-22 23:17:00+00:00,straitstimes.com,,AAPL
2024-02-22,e19661e6-e94e-45a4-93eb-c1bee27ea900,Adobe: Do Not Ignore Figma And The Long-Term Gen AI Threat (NASDAQ:ADBE),"Adobe Inc. stock underperforms market, cancels Figma acquisition. Questions remain on its high valuation. Click for my ADBE update amidst all the turmoil.",,"Frazao Studio Latino/E+ via Getty Images

Adobe Inc. (NASDAQ:ADBE) was a big winner in 2023, as the company benefited from both a broader tech recovery as well ...",https://seekingalpha.com/article/4672663-adobe-do-not-ignore-figma-and-the-long-term-gen-ai-threat,https://media.gettyimages.com/id/1480560243/photo/young-man-drawing-on-a-paper-at-tattoo-studio.jpg?b=1&s=170667a&w=0&k=20&c=GNDNhW7iRflZA1N8IV1mSAq1LBlbzugd9Yh8x3DBk-U=,en,2024-02-22 23:44:08+00:00,seekingalpha.com,,AAPL
2024-03-05,4ad9573e-9020-44cd-9e18-c9c24b522c5c,"Market Today: CrowdStrike Soars on Earnings Beat, ChargePoint Tumbles After Disappointing Results","Market Overview The stock market experienced a downturn, with major indices falling over 1.0%, led by a decline in tech stocks. The drop was more pronounced in","GuruFocus, Article, News, GuruFocus Research, CRWD, CHPT, TSLA, AAPL, JWN, MDB, ROST, ARDX, PLTR, SOFI, ALB, BOX","Market Overview

The stock market experienced a downturn, with major indices falling over 1.0%, led by a decline in tech stocks. The drop was more pronounced in...",https://www.gurufocus.com/news/2373691/market-today-crowdstrike-soars-on-earnings-beat-chargepoint-tumbles-after-disappointing-results,https://static.gurufocus.com/1732803573856661504.png,en,2024-03-05 22:40:28+00:00,gurufocus.com,,AAPL
2024-03-05,0883e662-3559-47e7-885d-f872f948b893,Asia Stocks Set for Mixed Open After US Tech Slide: Markets Wrap,Stocks in Asia were set for a mixed open after tech heavyweights dragged down US indexes in the run-up to Federal Reserve Chair Jerome Powell’s testimony to…,,"This advertisement has not loaded yet, but your article continues below.

Asia Stocks Set for Mixed Open After US Tech Slide: Markets Wrap Stocks in Asia were s...",https://financialpost.com/pmn/business-pmn/asia-stocks-set-for-mixed-open-after-us-tech-slide-markets-wrap,https://smartcdn.gprod.postmedia.digital/financialpost/wp-content/uploads/2024/03/us-spot-etfs-help-drive-bitcoin-to-a-record-high.jpg,en,2024-03-05 23:07:09+00:00,financialpost.com,,AAPL
2024-03-05,daa840df-b288-4add-9b7a-459220eddc40,Dow Jones Futures: Face-Ripping CrowdStrike Rally To The Rescue; Fed Chief Powell On Tap,Dow Jones futures: CrowdStrike surged on earnings after software and bitcoin plays led Tuesday's sell-off. Fed chief Jerome Powell is on tap.,,"Dow Jones futures were little changed after hours, along with S&P 500 futures and Nasdaq futures. CrowdStrike (CRWD) soared overnight, headlining key earnings r...",https://www.investors.com/market-trend/stock-market-today/dow-jones-futures-crowdstrike-soars-bitcoin-hit-fed-chief-powell-on-tap/?src=A00220&yptr=yahoo,https://www.investors.com/wp-content/uploads/2022/06/Stock-jeromepowell2022-05-gov.jpg,en,2024-03-05 23:14:10+00:00,finance.yahoo.com,,AAPL
2024-03-12,b9ec8186-d086-46c5-bfc3-871894a9a803,General Motors' executive vice president for software and services Mike Abbott to step down By Reuters,General Motors' executive vice president for software and services Mike Abbott to step down,,"Published Mar 12, 2024 05:29PM ET Updated Mar 12, 2024 05:56PM ET

© Reuters. FILE PHOTO: The new GM logo is seen on the facade of the General Motors headquart...",https://www.investing.com/news/stock-market-news/general-motors-executive-vice-president-for-software-and-services-mike-abbott-to-step-down-3335089,https://i-invdn-com.investing.com/news/LYNXMPEB2O03P_L.jpg,en,2024-03-12 21:31:20+00:00,investing.com,,AAPL
2024-03-12,04e2da53-1410-46bb-9b5d-d1006302093c,Zscaler: This Is A Dip Well Worth Buying (NASDAQ:ZS),Zscaler has unveiled several products based on AI which are being used to identify threats and to create remediation strategies. Learn more on ZS stock here.,,"Michael Vi

The case to buy Zscaler shares now

Has the long awaited consolidation trade finally arrived? Tuesday, March 5th, was not a pleasant day on which to...",https://seekingalpha.com/article/4677735-zscaler-this-is-a-dip-well-worth-buying,https://static.seekingalpha.com/cdn/s3/uploads/getty_images/1310211442/image_1310211442.jpg?io=getty-c-w1536,en,2024-03-12 22:13:34+00:00,seekingalpha.com,,AAPL
2024-03-12,0aab2e29-11cf-49b7-8561-37903d2d8476,Arm Rival SiFive Expects Licensing Revenue to Surge This Year,"(Bloomberg) -- SiFive Inc., a money-losing chip designer that competes with Arm Holdings Plc, expects to boost its licensing revenue to $60 million this year while striking at least $180 million worth of lifetime royalty deals.Most Read from BloombergStock Traders Bracing for Worst Shrug Off Hot CPI: Markets WrapOne of the Most Infamous Trades on Wall Street Is Roaring BackChina Has Never Canceled This Many Shipments of US WheatUS Core Inflation Tops Forecasts Again, Reinforcing Fed CautionEx-Wa",,"(Bloomberg) -- SiFive Inc., a money-losing chip designer that competes with Arm Holdings Plc, expects to boost its licensing revenue to $60 million this year wh...",https://finance.yahoo.com/news/arm-rival-sifive-expects-licensing-221723705.html?.tsrc=rss,https://s.yimg.com/ny/api/res/1.2/OqxWbCXtvrbq0zrh28lY1w--/YXBwaWQ9aGlnaGxhbmRlcjt3PTEyMDA7aD04MDA-/https://media.zenfs.com/en/bloomberg_markets_842/09e1ee7c4868cb3d273486bad2d2c986,en,2024-03-12 22:17:23+00:00,finance.yahoo.com,,AAPL
2024-03-14,4d9e762e-f6d4-4100-8071-d9de235346af,Market Open: Brace yourselves for ASX200 fall,Futures have been pointing to a 0.7 per cent drop after all US markets closed in the red off the back of higher-than-expected inflation data.,,"Join our daily newsletter At The Bell to receive exclusive market insights

ASX200 investors: Brace yourselves for market falls today!

Futures have been pointi...",https://themarketonline.com.au/market-open-brace-yourselves-for-asx200-fall-2024-03-15/,https://themarketonline.com.au/wp-content/uploads/2024/02/og-49094-Thumb-MO-1280x720.jpg,en,2024-03-14 22:18:45+00:00,themarketherald.com.au,,AAPL
2024-03-14,cc835514-5889-4799-bd15-23c3371143fd,"Market Today: FDA Approves First NASH Therapy, Adobe and Ulta Beauty Report Earnings","Market Overview
The stock market experienced a downturn, with the S&P 500 (-0.3%), Nasdaq Composite (-0.3%), and Dow Jones Industrial Average (-0.4%) all closin","GuruFocus, Article, News, GuruFocus Research, MDGL, ADBE, ULTA, AAPL, ARCC, GERN, KODK, MO, VLO, PD, PATH, CDLX, BA, ENPH, AAPL, MSFT, AMZN, GOOG","Market Overview

The stock market experienced a downturn, with the S&P 500 (-0.3%), Nasdaq Composite (-0.3%), and Dow Jones Industrial Average (-0.4%) all closi...",https://www.gurufocus.com/news/2383968/market-today-fda-approves-first-nash-therapy-adobe-and-ulta-beauty-report-earnings,https://static.gurufocus.com/1732803573856661504.png,en,2024-03-14 22:40:31+00:00,gurufocus.com,,AAPL
2024-03-14,b54f57bf-ccb6-4ccd-b01c-acacf5376ca6,Earnings call: Build-A-Bear Workshop sees record results for the fourth quarter By Investing.com,Earnings call: Build-A-Bear Workshop sees record results for the fourth quarter,,"Published Mar 14, 2024 07:53PM ET

© Reuters.

BBW +16.08% Add to/Remove from Watchlist

Build-A-Bear Workshop (NYSE: BBW) has announced another year of record...",https://www.investing.com/news/stock-market-news/earnings-call-buildabear-workshop-sees-record-results-for-the-fourth-quarter-93CH-3339137,https://i-invdn-com.investing.com/news/LYNXNPEB9M0BY_L.jpg,en,2024-03-14 23:53:33+00:00,investing.com,,AAPL
2024-04-30,c40bd833-932e-4b53-9e58-41f2fe3d279e,Stocks Sink In April As Inflation Fears Rise,"The S&P 500 fell significantly in April, giving back a chunk of this year's gains. Read why volatility will reign given uncertainty with the Fed and earnings.",,"Matteo Colombo

In what has become a rare occurrence on Wall Street, the S&P 500 fell significantly in April. Coming into the month, the SPX had been up nine of...",https://seekingalpha.com/article/4687696-stocks-sink-in-april-as-inflation-fears-rise,https://static.seekingalpha.com/cdn/s3/uploads/getty_images/668600179/image_668600179.jpg?io=getty-c-w1536,en,2024-04-30 20:45:52+00:00,seekingalpha.com,,AAPL
2024-04-30,536364cc-6462-43c3-be03-ed1d38be9d47,"Is It Over, Or Just A Dead Cat Bounce?","The S&P 500 rebounded by nearly 4% after a 7% pullback, but uncertainty remains about whether the correction is over or not. Explore more details here.",,"PM Images

The S&P 500 Index (SP500, SPX) rebounded considerably, bouncing by nearly 4%. The recovery comes after a broad market pullback of roughly 7% (peak to...",https://seekingalpha.com/article/4687725-is-it-over-or-just-a-dead-cat-bounce,https://static.seekingalpha.com/cdn/s3/uploads/getty_images/1072593728/image_1072593728.jpg?io=getty-c-w1536,en,2024-04-30 21:19:00+00:00,seekingalpha.com,,AAPL
2024-04-30,cd40a03a-5bc7-44c4-82c9-8aa16371bb33,Elfun Trusts Energizes Portfolio with CMS Energy Corp Stake,"Insight into Elfun Trusts (Trades, Portfolio)' Q1 2024 Investment Moves and Stock Adjustments

Elfun Trusts (Trades, Portfolio), a fund with exclusive access fo","GuruFocus, Article, News, GuruFocus Research, MSFT, NVDA, AMZN, AAPL, META, CMS, ULTA, ADBE, ON, AMT, NEE, COST, WM","Insight into Elfun Trusts Trades, Portfolio)' Q1 2024 Investment Moves and Stock Adjustments

Elfun Trusts (Trades, Portfolio), a fund with exclusive access for...",https://www.gurufocus.com/news/2422582/elfun-trusts-energizes-portfolio-with-cms-energy-corp-stake,https://s3.amazonaws.com/gurufocus_userupload/1785413952948301824.png,en,2024-04-30 22:01:37+00:00,gurufocus.com,,AAPL
2024-05-30,69bded87-04b1-4f68-bc4b-5b90151c4ac1,Dow Jones Futures: Fed Inflation Report Due After Key Stock Market Sector Dives; Dell Plunges Late,Dow Jones futures: The plunging software sector hit the key stock market indexes. Dell dived late. The Fed's favorite inflation report looms.,,"Dow Jones futures edged lower after hours, along with S&P 500 futures and Nasdaq futures, heading into the Fed's key inflation report. Dell Technologies (DELL) ...",https://www.investors.com/market-trend/stock-market-today/dow-jones-futures-fed-inflation-report-due-key-sector-dives-dell-plunges/,https://www.investors.com/wp-content/uploads/2021/04/Stock-inflation-01-adobe.jpg,en,2024-05-30 20:51:23+00:00,investors.com,,AAPL
2024-05-30,128d6293-0502-4eaa-b0dc-afcc1eb863b0,"Warner Bros. Discovery: Moving Guidance From Buy To Hold, Q2 Results Okay (WBD)","The Warner Bros. Discovery spin-off has reached a valuation that makes sense to holders, but maybe not buyers. Read more on the arguments for both a rise and decline in WBD stock value.",,"Kevin Winter/Getty Images Entertainment

Above: Big movie premieres are fading as theatrical films with few exceptions generate the kind of excitement that turn...",https://seekingalpha.com/article/4696580-warner-bros-discovery-moving-guidance-from-buy-to-hold-q2-results-ok-but-no-game-changers,https://static.seekingalpha.com/cdn/s3/uploads/getty_images/53030069/image_53030069.jpg?io=getty-c-w1536,en,2024-05-30 21:39:01+00:00,seekingalpha.com,,AAPL
2024-05-30,c4d9affa-53ba-4733-ad6f-76ed3b6c6df3,Apple plans major AI update for Siri to give users more control over apps: Bloomberg,Apple is planning a major update for Siri that could allow users to control iPhone app features with their voice.,,Apple (NASDAQ:AAPL) is planning a major update for its virtual assistant Siri that could allow users to control specific app features on the iPhone with their v...,https://seekingalpha.com/news/4111799-apple-plans-major-ai-update-for-siri-to-give-users-more-control-over-apps-bloomberg,https://static.seekingalpha.com/cdn/s3/uploads/getty_images/1173509038/image_1173509038.jpg?io=getty-c-w750,en,2024-05-30 22:01:03+00:00,seekingalpha.com,,AAPL
2024-07-24,1b90eb3e-1268-4412-bc95-2f859fe69133,Morning Bid: A megacap tsunami coming your way By Reuters,Morning Bid: A megacap tsunami coming your way,,"(Reuters) - A look at the day ahead in Asian markets by Alden Bentley in New York

Brace for fallout from a megacap-led wipe out. A rethink of the earnings pict...",https://www.investing.com/news/economy-news/morning-bid-a-megacap-tsunami-coming-your-way-3535018,https://i-invdn-com.investing.com/news/indicatornews_1_800x533_L_1413124982.jpg,en,2024-07-24 21:51:42+00:00,investing.com,,AAPL
2024-07-24,bfc1a961-050f-4789-8c61-689bbb68f100,"Global Stocks Drop on AI Rethink, Yen Strengthens: Markets Wrap",Equities in Asia were set to decline as investors began to pullback on the artificial-intelligence frenzy that has powered the bull market this year.,,"This advertisement has not loaded yet, but your article continues below.

Global Stocks Drop on AI Rethink, Yen Strengthens: Markets Wrap Equities in Asia were ...",https://financialpost.com/pmn/business-pmn/global-stocks-drop-on-ai-rethink-yen-strengthens-markets-wrap,https://smartcdn.gprod.postmedia.digital/financialpost/wp-content/uploads/2024/07/sp-500-snaps-longest-streak-without2-drop-since2007-benchm.jpg,en,2024-07-24 22:58:50+00:00,financialpost.com,,AAPL
2024-07-24,7c8c3e19-0464-4fc8-b57a-b038fab540e9,"AI fever cools, wiping out $1.3 trillion on Nasdaq, with Tesla, Alphabet and more sinking",A growing number of market professionals argue that commercial hopes for AI are overblown. Read more at straitstimes.com.,,"SAN FRANCISCO – Investors soured on the promise of artificial intelligence (AI) on July 24, sparking a US$1 trillion (S$1.3 trillion) rout in the Nasdaq 100 i...",https://www.straitstimes.com/business/ai-fever-cools-wiping-out-13-trillion-on-the-nasdaq-stock-index,https://static1.straitstimes.com.sg/s3fs-public/styles/large30x20/public/articles/2024/07/25/2024-07-15T135223Z470349526RC2PT6A29Z9PRTRMADP3ONESTREAM-IPO.JPG?VersionId=OaOEhTslys3nON09A3OggFDEwak9XQwC,en,2024-07-24 23:15:00+00:00,straitstimes.com,,AAPL
2024-08-05,17ec9f5d-71e4-45eb-b522-c51f29263dca,S&P 500 Volatility Hits Highest Over Nasdaq 100 Since Pandemic,"In a day full of rare moves, S&P 500 options volatility spiked higher than the Nasdaq 100 for the first time since the Covid pandemic.","S&P 500 options, volatility, Nasdaq 100, VIX, VXN","(Bloomberg) -- In a day full of rare moves, S&P 500 options volatility spiked higher than the Nasdaq 100 for the first time since the Covid pandemic.

The Cboe ...",https://www.livemint.com/news/sp-500-volatility-hits-highest-over-nasdaq-100-since-pandemic-11722900237931.html,https://images.livemint.com/img/2018/12/28/1600x900/News_-_world_1545994908237.jpg,en,2024-08-05 23:23:57+00:00,livemint.com,,AAPL
2024-08-05,4c459876-773c-4e20-9634-3bd4f8726cf6,Apple Hospitality REIT (APLE) Q2 Earnings: Taking a Look at Key Metrics Versus Estimates,"Although the revenue and EPS for Apple Hospitality REIT (APLE) give a sense of how its business performed in the quarter ended June 2024, it might be worth considering how some key metrics compare with Wall Street estimates and the year-ago numbers.","stock, stocks, investment, investment advice, investing, online trading, online investment, online stock trading, stock market, financial, financial planning, quote, quotes, stock quotes","This page has not been authorized, sponsored, or otherwise approved or endorsed by the companies represented herein. Each of the company logos represented herei...",https://www.zacks.com/stock/news/2316564/apple-hospitality-reit-aple-q2-earnings-taking-a-look-at-key-metrics-versus-estimates?cid=CS-ZC-FT-fundamental_analysis|nfm-2316564,https://staticx-tuner.zacks.com/images/default_article_images/default304.jpg,en,2024-08-05 23:30:08+00:00,zacks.com,,AAPL
2024-08-05,d8412aaa-c619-4066-afbd-b4e58a486e3d,"Tech Stocks Lead Dow Jones Industrial Average To Largest Drop In Almost Two Years - Apple (NASDAQ:AAPL), Cisco Systems (NASDAQ:CSCO)","Stocks across the board fell on Monday due to concerns about a weakening US economy. The Dow dropped 2.6% while the S&P 500 and Nasdaq Composite also saw significant losses. Tech stocks, such as Intel and Apple, were among the biggest losers. Japanese stocks also saw a major decline, and oil prices fell as well. Traders are expecting the Fed to cut rates by half a point in September.",,"Stocks declined across the board on Monday as investors worried that the U.S. economy was weakening after Friday’s cooler-than-expected jobs report.

The Dow ...",https://www.benzinga.com/markets/asia/24/08/40175656/tech-stocks-lead-dow-jones-industrial-average-to-largest-drop-in-almost-two-years,https://cdn.benzinga.com/files/images/story/2024/08/05/Down-Crisis-Financial-Business-Market-Gr_0.jpeg?width=1200&height=800&fit=crop,en,2024-08-05 23:32:48+00:00,benzinga.com,,AAPL
2024-10-31,c61e57ad-fbda-4ddc-be00-11c9dca4e73a,"Apple Earnings: Q4 Results Decent, But Questions Continue Into Q1 2025 (NASDAQ:AAPL)",Apple reported Q4 2024 results that slightly beat estimates and provide some relief at face value. Click here to read an analysis of AAPL stock now.,,"As those who follow my account will know, I generally stay clear of writing on mega-caps. That's largely due to my desire to offer readers unique value in my wr...",https://seekingalpha.com/article/4731813-apple-earnings-q4-results-decent-but-questions-continue-into-q1-2025,https://static.seekingalpha.com/cdn/s3/uploads/getty_images/108108888/image_108108888.jpg?io=getty-c-w1536,en,2024-10-31 23:16:40+00:00,seekingalpha.com,,AAPL
2024-10-31,a899e8b5-7c5c-4c2c-b13e-2118eb25903f,Finding Long-Term Winners in Packaging and Exchange Stocks,,,"During their recent episode, Taylor, Carlisle, and George Livadis discussed Finding Long-Term Winners in Packaging and Exchange Stocks. Here’s an excerpt from...",https://acquirersmultiple.com/2024/10/finding-long-term-winners-in-packaging-and-exchange-stocks/,https://acquirersmultiple.com/wp-content/uploads/2015/06/rocketsquare_orange_175x175-100x100.png,en,2024-10-31 23:40:19+00:00,acquirersmultiple.com,,AAPL
2024-10-31,bf485805-b633-49bd-a79c-b88bda22a0b4,Apple Inc. (AAPL) Q4 2024 Earnings Call Transcript,"Apple Inc. (NASDAQ:AAPL) Q4 2024 Earnings Conference Call October 31, 2024 5:00 PM ETCompany ParticipantsSuhasini Chandramouli - Director, Investor...",,"Apple Inc. (NASDAQ:AAPL) Q4 2024 Earnings Conference Call October 31, 2024 5:00 PM ET

Company Participants

Suhasini Chandramouli - Director, Investor Relation...",https://seekingalpha.com/article/4731856-apple-inc-aapl-q4-2024-earnings-call-transcript,https://static.seekingalpha.com/assets/og_image_1200-29b2bfe1a595477db6826bd2126c63ac2091efb7ec76347a8e7f81ba17e3de6c.png,en,2024-10-31 23:59:06+00:00,seekingalpha.com,,AAPL
2024-11-15,59ecbc76-40d2-4430-b6b9-100224a752e0,Attorney Mina Haque Shares Her Successful M&A Strategy That Made Her CEO Of Tony Roma’s,Attorney Mina Haque shares how her competitive M&A strategy helped her land a role as Tony Roma's first female CEO.,"Mina Haque, M&A Strategy","Mina Haque, founder and principal attorney of the Washington, D.C.-based Law Office of Mohaimina ... [+] Haque PLLC and CEO of Tony Roma's. Courtesy of Mina Haq...",https://www.forbes.com/sites/yolarobert1/2024/11/15/attorney-mina-haque-shares-her-successful-ma-strategy-that-made-her-ceo-of-tony-romas/,https://imageio.forbes.com/specials-images/imageserve/6737ce66252d0ed6cd606207/0x0.jpg?format=jpg&height=900&width=1600&fit=bounds,en,2024-11-15 22:47:34+00:00,forbes.com,,AAPL
2024-11-15,ad58b422-70c1-42cb-b99b-f8702d514b62,S&P revises Ireland's outlook on Apple back-tax boost; Fitch affirms ratings By Reuters,S&P revises Ireland's outlook on Apple back-tax boost; Fitch affirms ratings,,"(Reuters) - S&P Global Ratings revised Ireland's outlook to ""positive"" from ""stable"" on Friday, citing extraordinary fiscal overperformance, sustained economic ...",https://www.investing.com/news/economy-news/sp-revises-irelands-outlook-to-positive-on-fiscal-overperformance-apple-backtax-boost-3726692,https://i-invdn-com.investing.com/news/indicatornews_4_800x533_L_1413112066.jpg,en,2024-11-15 22:50:36+00:00,investing.com,,AAPL
2024-11-15,1055e7de-5954-4705-ad44-9c6874d27a1e,Nasdaq Experiences Largest Weekly Drop Since September; Disney and Palantir Surge,"The three major U.S. stock indices closed lower, with the Nasdaq Composite dropping 2.24%, resulting in a 3.15% decline for the week. The S&P 500 fell 1.32% and","GuruFocus, Article, News, GuruFocus News, DIS","The three major U.S. stock indices closed lower, with the Nasdaq Composite dropping 2.24%, resulting in a 3.15% decline for the week. The S&P 500 fell 1.32% and...",https://www.gurufocus.com/news/2606699/nasdaq-experiences-largest-weekly-drop-since-september-disney-and-palantir-surge,https://static.gurufocus.com/logos/0C000009L1.png?20,en,2024-11-15 23:30:10+00:00,gurufocus.com,,AAPL
2024-12-18,888e831f-a5f8-4ad8-b9d9-38c01368d604,S&P 500 Sees Worst Fed Day Since 2001; Yields Up: Markets Wrap,"(Bloomberg) -- The Federal Reserve jarred US markets Wednesday, pushing stocks lower and sending Treasury yields soaring, after forecasting fewer interest rate cuts next year. It was the worst loss for the S&P 500 on the day of a rate decision since 2001.Most Read from BloombergNYPD Car Chases Are Becoming More Frequent — and More DangerousThe S&P 500 fell below the 6,000 level, suffering its worst session since August. The tech-heavy Nasdaq 100 dropped 3.6%, the most in five months. Micron Tech","Bloomberg, basis points, Jerome Powell, Bloomberg Daybreak, The Federal Reserve, S&P 500, Federal Open Market Committee, Micron Technology Inc.","(Bloomberg) -- The Federal Reserve jarred US markets Wednesday, pushing stocks lower and sending Treasury yields soaring, after forecasting fewer interest rate ...",https://finance.yahoo.com/news/asian-stocks-waver-focus-fed-222217336.html,https://s.yimg.com/ny/api/res/1.2/FYJCR.VIQ70pPUBEnxTIsw--/YXBwaWQ9aGlnaGxhbmRlcjt3PTEyMDA7aD03NDU-/https://media.zenfs.com/en/bloomberg_markets_842/b8d67593670685e91bd7a15ad4fffb72,en,2024-12-18 22:27:45+00:00,finance.yahoo.com,,AAPL
2024-12-18,caa1e4f8-eadd-485c-ba98-069782e8d232,Apple hits out at Meta's numerous interoperability requests By Reuters,Apple hits out at Meta's numerous interoperability requests,,"By Foo Yun Chee

BRUSSELS (Reuters) -Apple on Wednesday hit out at Meta Platforms (NASDAQ: ), saying its numerous requests to access the iPhone maker's software...",https://www.investing.com/news/economy-news/apple-hits-out-at-metas-numerous-interoperability-requests-3780772,https://i-invdn-com.investing.com/news/STOCK-EXCHANGE-RUSSIAN-TRADING-SYSTEMS_800x533_L_1414427815.jpg,en,2024-12-18 23:58:42+00:00,investing.com,,AAPL
2024-12-18,c7299034-5553-4467-a54d-35b8b4115acd,"Qualcomm saw Nuvia buy as chance to save $1.4 billion a year on Arm fees, CEO tells jury By Reuters","Qualcomm saw Nuvia buy as chance to save $1.4 billion a year on Arm fees, CEO tells jury",,"By Tom Hals

WILMINGTON, Delaware (Reuters) - Internal Qualcomm (NASDAQ: ) documents showed the chip firm estimated it could eventually save as much as $1.4 bil...",https://www.investing.com/news/stock-market-news/qualcomm-saw-nuvia-buy-as-chance-to-save-14-billion-a-year-on-arm-fees-ceo-tells-jury-3780773,https://i-invdn-com.investing.com/news/LYNXMPEA6M0X8_L.jpg,en,2024-12-18 23:59:35+00:00,investing.com,,AAPL
2025-01-15,eb2a442d-9897-4bb6-a06e-862335d14bd1,"Dow Jones Futures: Market Retakes Key Levels In Big Rally; Tesla, Meta Lead New Buys","Dow Jones futures: The stock market indexes surged on a tame CPI inflation report, reclaiming key levels. Tesla, Meta led a slew of new buys.",,"Dow Jones futures tilted higher after hours, along with S&P 500 futures and Nasdaq futures. Nvidia chipmaker Taiwan Semiconductor (TSM), UnitedHealth (UNH), Ban...",https://www.investors.com/market-trend/stock-market-today/dow-jones-futures-market-rally-tesla-meta-new-buys/,https://www.investors.com/wp-content/uploads/2018/11/Stock-BikerMountain-01-adobe.jpg,en,2025-01-15 23:14:19+00:00,investors.com,,AAPL
2025-01-15,3c6438c6-e62c-4b09-8325-658a8d6c496d,1 Hypergrowth Tech Stock to Buy in 2025,"This high-flying market darling may not be a great buy right now, but the stock would look great after a quick price correction.","SoundHound AI, stock price","It never hurts to plan ahead.

One of the greatest hypergrowth stocks on the market is a terrible buy right now, but that should change in 2025. An overheated s...",https://finance.yahoo.com/news/1-hypergrowth-tech-stock-buy-232700582.html,https://s.yimg.com/ny/api/res/1.2/NxeCz9hRIychC8tjZnNDjw--/YXBwaWQ9aGlnaGxhbmRlcjt3PTEyMDA7aD05MDA-/https://media.zenfs.com/en/motleyfool.com/7bf813e12de7e4a77d2ad43e2e369b66,en,2025-01-15 23:27:00+00:00,finance.yahoo.com,,AAPL
2025-01-15,778986b3-33bc-4122-8433-83f2ef74e232,Apple in talks with Barclays to replace Goldman Sachs card deal- Reuters By Investing.com,Apple in talks with Barclays to replace Goldman Sachs card deal- Reuters,,"Investing.com-- Apple Inc (NASDAQ: ) is in talks with Barclays (NYSE: ) to replace Goldman Sachs Group Inc (NYSE: ) as its credit card partner, Reuters reported...",https://www.investing.com/news/stock-market-news/apple-in-talks-with-barclays-to-replace-goldman-sachs-card-deal-reuters-3815501,https://i-invdn-com.investing.com/news/LYNXMPEA6U0J8_L.jpg,en,2025-01-15 23:33:11+00:00,investing.com,,AAPL
2025-01-22,2c7bdc08-33b0-4eef-991b-303f611db802,Samsung unveils Galaxy S25 phone with Qualcomm chips and enhanced AI features By Reuters,Samsung unveils Galaxy S25 phone with Qualcomm chips and enhanced AI features,,"By Hyunjoo Jin and Stephen Nellis

SEOUL/SAN FRANCISCO (Reuters) - Samsung Electronics (KS: ) on Wednesday unveiled its newest flagship smartphone, powered by Q...",https://www.investing.com/news/stock-market-news/samsung-unveils-galaxy-s25-phone-with-qualcomm-chips-and-enhanced-ai-features-3825376,https://i-invdn-com.investing.com/news/LYNXMPEA6M0X8_L.jpg,en,2025-01-22 19:40:51+00:00,investing.com,,AAPL
2025-01-22,769a163c-b23d-49a9-94fa-17af778e8c36,"Apple struggles in 2025, diverging from the other magnificent seven names","In 2025, the performance of the magnificent seven stocks shows notable divergence, with Apple (AAPL) standing out as the weakest member.",,"In 2025, the performance of the magnificent seven stocks shows notable divergence, with Apple (NASDAQ:AAPL) standing out as the only stock in the group that is ...",https://seekingalpha.com/news/4397529-apple-struggles-in-2025-diverging-from-the-other-magnificent-seven-names,https://static.seekingalpha.com/cdn/s3/uploads/getty_images/1705316992/image_1705316992.jpg?io=getty-c-w750,en,2025-01-22 21:48:05+00:00,seekingalpha.com,,AAPL
2025-01-22,96634f82-a1ad-4f95-916e-0a0d3302ae85,Apple (AAPL) Ascends But Remains Behind Market: Some Facts to Note,"In the closing of the recent trading day, Apple (AAPL) stood at $223.83, denoting a +0.53% change from the preceding trading day.","stock, stocks, investment, investment advice, investing, online trading, online investment, online stock trading, stock market, financial, financial planning, quote, quotes, stock quotes","This page has not been authorized, sponsored, or otherwise approved or endorsed by the companies represented herein. Each of the company logos represented herei...",https://www.zacks.com/stock/news/2401656/apple-aapl-ascends-but-remains-behind-market-some-facts-to-note?cid=CS-ZC-FT-tale_of_the_tape|yseop_template_6-2401656,https://staticx-tuner.zacks.com/images/default_article_images/default125.jpg,en,2025-01-22 22:45:18+00:00,zacks.com,,AAPL
2025-01-28,fe2fdf1c-d8f1-4449-8d71-504a0725ea61,"Market Recap: Tech Stocks Rebound After AI Scare, Fed Meeting in Focus","In a dramatic turnaround from Monday's tech-driven selloff, U.S. stock markets rallied on Tuesday, January 28, 2025, as investors reassessed the impact of a",,"S&P 500, Nasdaq, and Dow Jones Recover as AI Concerns Ease

In a dramatic turnaround from Monday’s tech-driven selloff, U.S. stock markets rallied on Tuesday,...",https://thestockmarketwatch.com/stock-market-news/market-recap-tech-stocks-rebound-after-ai-scare-fed-meeting-in-focus/48816/,https://thestockmarketwatch.com/stock-market-news/wp-content/uploads/2024/08/5.jpg,en,2025-01-28 22:28:35+00:00,thestockmarketwatch.com,,AAPL
2025-01-28,27410e99-d2bf-4d0f-8408-7b6cbf46413d,"Tech mogul doubts DeepSeek claims, says US media fell for 'CCP propaganda'",Aduril founder Palmer Luckey does not buy some of the claims about Chinese firm DeepSeek's new artificial intelligence model and slammed U.S. media for,,American entrepreneur Palmer Luckey is not buying a lot of the hype this week over Chinese startup DeepSeek's artificial intelligence (AI) models and accused th...,https://www.foxbusiness.com/technology/tech-mogul-doubts-deepseek-claims-says-us-media-fell-ccp-propaganda,https://a57.foxnews.com/static.foxbusiness.com/foxbusiness.com/content/uploads/2025/01/0/0/palmer-luckey-anduril.jpg?ve=1&tl=1,en,2025-01-28 23:09:04+00:00,foxbusiness.com,,AAPL
2025-01-28,a2326982-f0d4-4be1-9b99-de3db0b5b2d9,DeepSeek Shows China Playbook for Even Bigger US Shock on Chips,The success of DeepSeek’s new AI model points to how China might eventually achieve an even bigger technological breakthrough in the face of US export curbs: Produc…,"BLOOM, Canada","This advertisement has not loaded yet, but your article continues below.

DeepSeek Shows China Playbook for Even Bigger US Shock on Chips The success of DeepSee...",https://financialpost.com/pmn/business-pmn/deepseek-shows-china-playbook-for-even-bigger-us-shock-on-chips,https://smartcdn.gprod.postmedia.digital/financialpost/wp-content/uploads/2025/01/776274494-2.jpg,en,2025-01-28 23:41:44+00:00,financialpost.com,,AAPL
2025-01-30,71a6081c-9433-4ddb-b403-b3c05e35fad9,Apple Q1: Growth Will Take Time (NASDAQ:AAPL),"Apple Inc. beat revenue expectations in its fiscal Q1 earnings, but iPhone sales struggle. Click for my updated look at AAPL stock prospects following the results.",,"I am a market enthusiast and part-time trader. I started writing for Seeking Alpha in 2011, and it has been a tremendous opportunity and learning experience. I ...",https://seekingalpha.com/article/4753621-apple-q1-growth-will-take-time,https://static.seekingalpha.com/cdn/s3/uploads/getty_images/113252283/image_113252283.jpg?io=getty-c-w1536,en,2025-01-30 23:20:27+00:00,seekingalpha.com,,AAPL
2025-01-30,34a89c41-9749-4abb-b326-545720ebd3df,"Compared to Estimates, Apple (AAPL) Q1 Earnings: A Look at Key Metrics","The headline numbers for Apple (AAPL) give insight into how the company performed in the quarter ended December 2024, but it may be worthwhile to compare some of its key metrics to Wall Street estimates and the year-ago actuals.","stock, stocks, investment, investment advice, investing, online trading, online investment, online stock trading, stock market, financial, financial planning, quote, quotes, stock quotes","This page has not been authorized, sponsored, or otherwise approved or endorsed by the companies represented herein. Each of the company logos represented herei...",https://www.zacks.com/stock/news/2407146/compared-to-estimates-apple-aapl-q1-earnings-a-look-at-key-metrics?cid=CS-ZC-FT-fundamental_analysis|nfm-2407146,https://staticx-tuner.zacks.com/images/default_article_images/default271.jpg,en,2025-01-30 23:30:08+00:00,zacks.com,,AAPL
2025-01-30,0f9530ee-7abc-475e-9403-528160fdcedb,U.S. Stock Market’s Shocking Plunge: Is This Just the Beginning?,"The U.S. stock market has been on a rollercoaster ride, but its latest drop sent shockwaves through Wall Street. At the heart of the turmoil? A massive sell-off in tech stocks, triggered by a…",,"The U.S. stock market has been on a rollercoaster ride, but its latest drop sent shockwaves through Wall Street. At the heart of the turmoil? A massive sell-off...",https://medium.com/@thanusan940s/u-s-stock-markets-shocking-plunge-is-this-just-the-beginning-043f17ce3bad,https://miro.medium.com/v2/resize:fit:700/1*6CWqDo-7P-jEW2aPXcodpg@2x.jpeg,en,2025-01-30 23:44:01+00:00,medium.com,,AAPL
2025-03-05,948a9fbf-3216-4a5b-87ce-e02397f79c25,Apple (AAPL): Alibaba Partnership Sparks Optimism for Chinese Market Growth,"We recently published a list of Top 10 AI Stocks Analysts Are Monitoring. In this article, we are going to take a look at where Apple Inc.",,"We recently published a list of Top 10 AI Stocks Analysts Are Monitoring. In this article, we are going to take a look at where Apple Inc. (NASDAQ:AAPL) stands ...",https://www.insidermonkey.com/blog/apple-aapl-alibaba-partnership-sparks-optimism-for-chinese-market-growth-1472213/,https://d2gr5kl7dt2z3t.cloudfront.net/blog/wp-content/uploads/2023/09/19155253/AAPL-insidermonkey-1695153171712.jpg,en,2025-03-05 20:10:03+00:00,insidermonkey.com,,AAPL
2025-03-05,83c6810d-727c-469c-b3cb-53962f920022,"The Goldman Sachs Group, Inc. (GS): Among the Best Undervalued Stocks to Invest In Now","We recently compiled a list of the 11 Best Undervalued Stocks to Invest in Now. In this article, we are going to take a look at where The Goldman Sachs Group, Inc.",,"We recently compiled a list of the 11 Best Undervalued Stocks to Invest in Now. In this article, we are going to take a look at where The Goldman Sachs Group, I...",https://www.insidermonkey.com/blog/the-goldman-sachs-group-inc-gs-among-the-best-undervalued-stocks-to-invest-in-now-1472965/,https://d2gr5kl7dt2z3t.cloudfront.net/blog/wp-content/uploads/2023/09/20135424/GS-insidermonkey-1695232462348.jpg,en,2025-03-05 21:23:40+00:00,insidermonkey.com,,AAPL
2025-03-05,d6e23e62-2501-4340-b0ed-a8debb81493a,"ASX Market Open: ‘Pause’ for some Trump tariffs enough to slow March slump | March 6, 2025",Australian shares are now expected to wade into positive territory this Thursday…,,"Join our daily newsletter At The Bell to receive exclusive market insights

Australian shares are now expected to wade into positive territory this Thursday mor...",https://themarketonline.com.au/asx-market-open-pause-for-some-trump-tariffs-enough-to-slow-march-slump-march-6-2025-2025-03-06/,https://themarketonline.com.au/wp-content/uploads/2024/02/49094-Thumb-MO-1280x720-e1725577078375.jpg,en,2025-03-05 21:41:28+00:00,themarketherald.com.au,,AAPL
2025-03-10,b187d1a9-f476-4c33-bc7b-f59b26e2b1a4,US stocks lose $4 trillion as Trump pushes tariffs,Trump over the weekend declined to predict whether the U.S. could face a recession as investors worried about the impact of his trade policy.,reuters,"NEW YORK: President Donald Trump’s tariffs have spooked investors, with fears of an economic downturn driving a stock market sell-off that has wiped out $4 tr...",https://thesun.my/world-news/us-stock-market-loses-4-trillion-in-value-as-trump-plows-ahead-on-tariffs-CN13783472,https://thesun.my/binrepository/481x321/0c0/480d250/none/11808/QIWR/itwb3wz5njpo3dfxyxcdyab2gu_5036664_20250311073917.jpg,en,2025-03-10 23:37:38+00:00,thesundaily.my,,AAPL
2025-03-10,a31e03b8-eb61-49a8-95cc-2840aeac3290,Unemployable Youth Put Indonesia's Manufacturing Dream at Risk,Student protests over education cuts are a reminder of the Southeast Asian nation’s skills gap,"BLOOM, energy","This advertisement has not loaded yet, but your article continues below.

Unemployable Youth Put Indonesia's Manufacturing Dream at Risk Student protests over e...",https://financialpost.com/pmn/business-pmn/unemployable-youth-put-indonesias-manufacturing-dream-at-risk,https://smartcdn.gprod.postmedia.digital/financialpost/wp-content/uploads/2025/03/pt-united-tractors-workshop-and-school-in-jakarta.jpg,en,2025-03-10 23:37:45+00:00,financialpost.com,,AAPL
2025-03-10,72fd79a3-4a44-47e3-806d-99b1b8af7933,U.S. Stock Market Plummets Amid Tariff Policy Concerns,"Investors are increasingly worried about the uncertainty surrounding tariff policies, leading to significant declines in U.S. stock markets. The three major ind","GuruFocus, Article, News, GuruFocus News, AAPL","Investors are increasingly worried about the uncertainty surrounding tariff policies, leading to significant declines in U.S. stock markets. The three major ind...",https://www.gurufocus.com/news/2734528/us-stock-market-plummets-amid-tariff-policy-concerns,https://static.gurufocus.com/logos/0C00000ADA.png?20,en,2025-03-10 23:50:20+00:00,gurufocus.com,,AAPL
2025-03-14,d43c83b3-c0aa-483d-bfb9-c120d72ade8a,Apple (AAPL) Rises But Trails Market: What Investors Should Know,"Apple (AAPL) concluded the recent trading session at $213.49, signifying a +1.82% move from its prior day's close.","stock, stocks, investment, investment advice, investing, online trading, online investment, online stock trading, stock market, financial, financial planning, quote, quotes, stock quotes","This page has not been authorized, sponsored, or otherwise approved or endorsed by the companies represented herein. Each of the company logos represented herei...",https://www.zacks.com/stock/news/2430408/apple-aapl-rises-but-trails-market-what-investors-should-know?cid=CS-ZC-FT-tale_of_the_tape|yseop_template_6-2430408,https://staticx-tuner.zacks.com/images/default_article_images/default321.jpg,en,2025-03-14 21:45:10+00:00,zacks.com,,AAPL
2025-03-14,97fe530b-68ae-4bc2-8547-70d87a097cc7,"Citi Removes Apple Inc. (AAPL) from Catalyst Watch, Maintains ‘Buy’ Amid Siri Delay","Celestial AI™, creator of the Photonic Fabric™ optical interconnect technology platform, recently announced that it has raised an additional $250 million in venture capital, bringing its total raised...",,"Artificial intelligence is the greatest investment opportunity of our lifetime. The time to invest in groundbreaking AI is now, and this stock is a steal!

The ...",https://www.insidermonkey.com/blog/citi-removes-apple-inc-aapl-from-catalyst-watch-maintains-buy-amid-siri-delay-1482419/,https://d2gr5kl7dt2z3t.cloudfront.net/blog/wp-content/uploads/2023/09/19155253/AAPL-insidermonkey-1695153171712.jpg,en,2025-03-14 22:19:37+00:00,insidermonkey.com,,AAPL
2025-03-14,836dc7fc-4b1a-4410-9083-5ebd1ce98bde,Tech Stocks Surge as US Markets Rebound Despite Weekly Losses,"Investors managed to look past recent tariff-related news, leading to a significant rebound in US stock markets. On Friday, the Dow Jones Industrial Average ros","GuruFocus, Article, News, GuruFocus News, AAPL","Investors managed to look past recent tariff-related news, leading to a significant rebound in US stock markets. On Friday, the Dow Jones Industrial Average ros...",https://www.gurufocus.com/news/2739383/tech-stocks-surge-as-us-markets-rebound-despite-weekly-losses,https://static.gurufocus.com/logos/0C00000ADA.png?20,en,2025-03-14 22:20:13+00:00,gurufocus.com,,AAPL
2025-03-28,0136f5f5-6c25-43f7-9452-8ab12743aa0b,Trump’s Pick for Wall Street Prosecutor Will Keep Apollo Stock,,"President Donald Trump, Wall Street, Jay Clayton, Apollo Global Management, US Attorney","President Donald Trump’s pick to police Wall Street’s financial crimes plans to hang onto holdings in Apollo Global Management, American Express and a digit...",https://www.livemint.com/companies/company-results/trumps-pick-for-wall-street-prosecutor-will-keep-apollo-stock-11743196168585.html,https://www.livemint.com/lm-img/img/2024/12/06/1600x900/company_4_1733465206851_1733465215415.png,en,2025-03-28 21:09:28+00:00,livemint.com,,AAPL
2025-03-28,6c2240b0-81f0-4405-9207-90b5f14a6841,US Stocks Plunge Amid Rising Inflation and Trade Uncertainty,U.S. stock markets faced significant sell-offs due to rising inflation and global trade policy uncertainties. The Dow Jones Industrial Average dropped as much a,"GuruFocus, Article, News, GuruFocus News, AAPL",U.S. stock markets faced significant sell-offs due to rising inflation and global trade policy uncertainties. The Dow Jones Industrial Average dropped as much a...,https://www.gurufocus.com/news/2755289/us-stocks-plunge-amid-rising-inflation-and-trade-uncertainty,https://static.gurufocus.com/logos/0C00000ADA.png?20,en,2025-03-28 21:40:15+00:00,gurufocus.com,,AAPL
2025-03-28,5d5d25fa-1abe-4126-bc27-1582b962a91f,"Skyworks Solutions, Inc. (SWKS) Investors Who Lost Money Have Opportunity to Lead Securities Fraud Lawsuit","PR NewswireLOS ANGELES, March 28, 2025



LOS ANGELES, March 28, 2025 /PRNewswire/ -- The Law Offices of Frank R. Cruz announces that investors with losses re","GuruFocus, Article, News, PRNewswire, NAS:SWKS","LOS ANGELES, March 28, 2025 /PRNewswire/ -- The Law Offices of Frank R. Cruz announces that investors with losses related to Skyworks Solutions, Inc. (""Skyworks...",https://www.gurufocus.com/news/2755355/skyworks-solutions-inc-swks-investors-who-lost-money-have-opportunity-to-lead-securities-fraud-lawsuit,https://static.gurufocus.com/images/global_logo_twitter_card.png,en,2025-03-28 22:00:11+00:00,gurufocus.com,,AAPL
2025-04-04,42f9602c-eca4-4300-aa53-83e7751dbd7b,Market Recap: Wall Street Plunges as Trump's Tariffs Trigger Global Selloff,"The U.S. stock market experienced a dramatic selloff on Friday, April 4, 2025, as investors reacted to President Donald Trump's sweeping new",,"Major Indexes Suffer Worst Day Since 2020 as Trade War Fears Intensify

The U.S. stock market experienced a dramatic selloff on Friday, April 4, 2025, as invest...",https://thestockmarketwatch.com/stock-market-news/market-recap-wall-street-plunges-as-trumps-tariffs-trigger-global-selloff-april-4-2025/49156/,https://thestockmarketwatch.com/stock-market-news/wp-content/uploads/2024/08/5.jpg,en,2025-04-04 21:28:55+00:00,thestockmarketwatch.com,,AAPL
2025-04-04,18187b05-4415-44ca-97cd-e206a2d94c46,Stocks Just Had One of Their Worst Weeks of This Century—Here Are the Grim Details,"Stocks tumbled on Friday, adding to the previous day's massive losses and capping off one of the worst weeks on Wall Street since the turn of the century.",,"Stocks tumbled on Friday, adding to the previous day's massive losses and capping off one of the worst weeks on Wall Street since the turn of the century.

Mark...",https://www.investopedia.com/stocks-just-had-one-of-their-worst-weeks-of-this-century-11709694,https://www.investopedia.com/thmb/3n3ZzmCh-on8McGIffn_-oK3KqU=/1500x0/filters:no_upscale():max_bytes(150000):strip_icc()/GettyImages-2207863775-04a071b988774fcf860c160da49858e6.jpg,en,2025-04-04 22:15:14+00:00,investopedia.com,,AAPL
2025-04-04,d415a232-a123-4425-b8fe-fb46798d3c74,Market Today: Tech Giants Eye Government Contracts Amid Tariff Turmoil,"Market Overview
This week witnessed a significant downturn in U.S. equity markets, primarily driven by escalating trade tensions and recession fears. President","GuruFocus, Article, News, GuruFocus News, AAPL, AMZN, MSFT, ORCL, MRVL, ON, BA, LMT, NKE, LULU, DOW, LYB, 228K(consensus130K);Priorrevisedto117Kfrom151K</li>
<li>MarchNonfarmPrivatePayrolls","Market Overview

This week witnessed a significant downturn in U.S. equity markets, primarily driven by escalating trade tensions and recession fears. President...",https://www.gurufocus.com/news/2763753/market-today-tech-giants-eye-government-contracts-amid-tariff-turmoil,https://static.gurufocus.com/1732803573856661504.png,en,2025-04-04 22:32:24+00:00,gurufocus.com,,AAPL
2025-04-09,fbc932ba-d4db-4e5c-a483-a53fe2f76e4e,Market Today: Trump's Tariff Pause Sparks Historic Market Rally,"Market Overview
It was a significant day for the stock market, with major indices experiencing substantial gains. The Nasdaq Composite surged nearly 12%, the S&","GuruFocus, Article, News, GuruFocus News, TSLA, NVDA, BABA, AMZN, W, URBN, AAPL, STLA, MU, C, JPM, +267at6238</li>
<li>NaturalGas","Market Overview

It was a significant day for the stock market, with major indices experiencing substantial gains. The Nasdaq Composite surged nearly 12%, the S...",https://www.gurufocus.com/news/2770133/market-today-trumps-tariff-pause-sparks-historic-market-rally,https://static.gurufocus.com/1732803573856661504.png,en,2025-04-09 22:32:32+00:00,gurufocus.com,,AAPL
2025-04-09,56c938a8-d63c-4755-aceb-d065e5fca381,Jim Cramer shares 4 lessons learned from Trump tariff turmoil,"As stocks cheered President Trump's tariff pause on Wednesday, CNBC's Jim Cramer shared four lessons from the past week of market action.","Tariff, Donald Trump, Donald J. Trump, Markets, Business, Investment strategy, Stock markets, Jim Cramer, Russell 2000 Index, Dow Jones Industrial Average, S&P 500 Index, NASDAQ Composite, Apple Inc, NVIDIA Corp, business news","watch now

After President Donald Trump issued a 90-day pause on most of his ""reciprocal"" tariffs and stocks staged a historic rally, CNBC's Jim Cramer on Wedne...",https://www.cnbc.com/2025/04/09/jim-cramer-lessons-trump-tariff-turmoil.html,https://image.cnbcfm.com/api/v1/image/107090828-1658244301273-NUP_198367_00757_copy.jpg?v=1698420179&w=1920&h=1080,en,2025-04-09 23:12:14+00:00,cnbc.com,,AAPL
2025-04-09,3b3c35a4-68bd-4f87-8428-afea8e0a9a03,Dow Jones: Double Bottom in Focus as Tariff Volatility Persists,"Market Analysis by  covering: Dow Jones Industrial Average, CBOE Volatility Index. Read 's Market Analysis on Investing.com",,"The Dow Jones is showing a potential double bottom pattern amid China’s retaliatory tariffs.

Volatility is high, with the S&P 500 experiencing a significant ...",https://www.investing.com/analysis/dow-jones-double-bottom-in-focus-as-tariff-volatility-persists-200659301,https://i-invdn-com.investing.com/redesign/images/seo/investingcom_analysis_og.jpg,en,2025-04-09 23:24:00+00:00,investing.com,,AAPL
2025-04-16,f7c8ab35-c7e9-48c9-ba0f-17ee4978fed5,Tech Stocks Plunge as Fed Chair Powell Expresses Inflation Concerns,Federal Reserve Chair Jerome Powell expressed concerns about the central bank's challenge in balancing inflation control with economic growth. Following his rem,"GuruFocus, Article, News, GuruFocus News, AAPL",Federal Reserve Chair Jerome Powell expressed concerns about the central bank's challenge in balancing inflation control with economic growth. Following his rem...,https://www.gurufocus.com/news/2785258/tech-stocks-plunge-as-fed-chair-powell-expresses-inflation-concerns,https://static.gurufocus.com/logos/0C00000ADA.png?20,en,2025-04-16 22:10:11+00:00,gurufocus.com,,AAPL
2025-04-16,39232fd1-0977-4e4c-9bf5-2c7636390e29,Sandberg Challenged Over Meta Business Moves During FTC Trial,,"Sheryl Sandberg, Meta Platforms Inc., Federal Trade Commission, social media monopoly, Instagram acquisition","(Bloomberg) -- Sheryl Sandberg, the former chief operating officer of Meta Platforms Inc., faced sharp questioning from the US Federal Trade Commission as its s...",https://www.livemint.com/companies/news/sandberg-challenged-over-meta-business-moves-during-ftc-trial-11744841649643.html,https://www.livemint.com/lm-img/img/2024/12/06/1600x900/company_1_1733464951182_1733464958176.png,en,2025-04-16 22:14:09+00:00,livemint.com,,AAPL
2025-04-16,b1ee1e9d-5b10-4294-91af-6012eb2ea191,"Trump's tariff policies have put Big Tech in a jam, Jim Cramer says",CNBC's Jim Cramer on Wednesday opined on how Trump's tariffs will impact Big Tech.,"Jim Cramer, Stock markets, Investment strategy, Business, Markets, NVIDIA Corp, Apple Inc, NASDAQ Composite, business news",CNBC's Jim Cramer on Wednesday explained why he thinks the Trump administration's tariffs and trade regulations have put companies that manufacture heavily outs...,https://www.cnbc.com/2025/04/16/trumps-tariff-policies-have-put-big-tech-in-a-jam-jim-cramer-says-.html,https://image.cnbcfm.com/api/v1/image/105670426-1547566811335cramer.jpg?v=1697496519&w=1920&h=1080,en,2025-04-16 23:06:09+00:00,cnbc.com,,AAPL
2025-04-24,e71c163e-faa6-4d85-91dc-2e66a7f54f5c,"US Stock Markets Rally as Tech Giants Gain, IBM Falls","Investors remain focused on global trade developments, contributing to a positive performance in US stock markets. The Dow Jones Industrial Average rose for the","GuruFocus, Article, News, GuruFocus News, AAPL","Investors remain focused on global trade developments, contributing to a positive performance in US stock markets. The Dow Jones Industrial Average rose for the...",https://www.gurufocus.com/news/2803236/us-stock-markets-rally-as-tech-giants-gain-ibm-falls,https://static.gurufocus.com/logos/0C00000ADA.png?20,en,2025-04-24 22:10:13+00:00,gurufocus.com,,AAPL
2025-04-24,caee3df8-3c61-43fb-bf3a-fc827ec38c76,US Stocks Surge as Fed Rate Cut Speculations Boost Tech Sector,U.S. stock markets rallied with tech stocks leading the charge after Federal Reserve officials hinted at a potential rate cut in June. The Dow Jones Industrial,"GuruFocus, Article, News, GuruFocus News, NVDA",U.S. stock markets rallied with tech stocks leading the charge after Federal Reserve officials hinted at a potential rate cut in June. The Dow Jones Industrial ...,https://www.gurufocus.com/news/2803389/us-stocks-surge-as-fed-rate-cut-speculations-boost-tech-sector,https://static.gurufocus.com/logos/0C00000BXN.png?20,en,2025-04-24 22:50:16+00:00,gurufocus.com,,AAPL
2025-04-24,3da487b5-5728-4d72-8f08-0dbb9afb08b7,Apple (AAPL) Realigns Robotics Team Under Hardware Division,Apple's robotics division transitions to hardware under Senior VP John Ternus to address project delays.    Analysts predict an average 13.47% upside for A,"GuruFocus, Article, News, GuruFocus News, AAPL","Apple's robotics division transitions to hardware under Senior VP John Ternus to address project delays.

Analysts predict an average 13.47% upside for Apple's ...",https://www.gurufocus.com/news/2803395/apple-aapl-realigns-robotics-team-under-hardware-division,https://static.gurufocus.com/logos/0C00000ADA.png?20,en,2025-04-24 22:55:30+00:00,gurufocus.com,,AAPL
2025-05-01,67a8f5a4-561b-4fa0-8a4e-6c74daae7d91,"After-market movers: Stock futures up despite Apple, Amazon falling after earnings (SPX)","U.S. stock index futures were higher after the closing bell on Wednesday, despite Apple (AAPL) and Amazon (AMZN) falling. Read more here.",,"U.S. stock index futures were higher after the closing bell on Wednesday, despite a post-earnings decline in tech titans Apple (NASDAQ:AAPL) and Amazon (NASDAQ:...",https://seekingalpha.com/news/4439582-stock-market-after-hours-nasdaq-sp500-dow-jones-futures,https://static.seekingalpha.com/cdn/s3/uploads/getty_images/2187254257/image_2187254257.jpg?io=getty-c-w750,en,2025-05-01 22:01:14+00:00,seekingalpha.com,,AAPL
2025-05-01,c500cbac-f19d-4f54-86fd-ad1a3a049809,Strong Earnings from MSFT and META Propel Nasdaq While Other Stocks React,"The U.S. stock market saw a robust rise as investors focused on major corporate earnings, alleviating economic slowdown concerns. The Nasdaq surged 264 points,","GuruFocus, Article, News, GuruFocus News, MSFT","The U.S. stock market saw a robust rise as investors focused on major corporate earnings, alleviating economic slowdown concerns. The Nasdaq surged 264 points, ...",https://www.gurufocus.com/news/2822811/strong-earnings-from-msft-and-meta-propel-nasdaq-while-other-stocks-react,https://static.gurufocus.com/logos/0C000008EC.png?20,en,2025-05-01 22:10:14+00:00,gurufocus.com,,AAPL
2025-05-01,0fbd3b7f-3429-4d0c-ac6a-33cfd34781fb,"Apple Q2 Earnings: Execution Risks Loom Large, Turning Bearish (Rating Downgrade) (AAPL)","U.S.-China tensions, rising iPhone costs, and lagging AI put Apple Inc. at risk. Click here to find out why AAPL stock is a Sell.",,I have written on Apple Inc. (NASDAQ: AAPL ) several times in the past with a consistently bullish sentiment. The basis of this was that Apple Services will con...,https://seekingalpha.com/article/4780826-apple-q2-earnings-execution-risks-loom-large-turning-bearish-rating-downgrade,https://static.seekingalpha.com/cdn/s3/uploads/getty_images/2210511202/image_2210511202.jpg?io=getty-c-w1536,en,2025-05-01 22:50:03+00:00,seekingalpha.com,,AAPL
2025-05-02,13334843-db81-4f3d-ad6f-888ab58bb0bc,Is Apple Inc. (AAPL) the Best NASDAQ Stock to Buy According to Billionaires?,"We recently published a list of 10 Best NASDAQ Stocks to Buy According to Billionaires. In this article, we are going to take a look at where Apple Inc.",,"We recently published a list of 10 Best NASDAQ Stocks to Buy According to Billionaires. In this article, we are going to take a look at where Apple Inc. (NASDAQ...",https://www.insidermonkey.com/blog/is-apple-inc-aapl-the-best-nasdaq-stock-to-buy-according-to-billionaires-1523464/,https://d2gr5kl7dt2z3t.cloudfront.net/blog/wp-content/uploads/2023/09/19155253/AAPL-insidermonkey-1695153171712.jpg,en,2025-05-02 21:42:37+00:00,insidermonkey.com,,AAPL
2025-05-02,7a363d75-dd88-429a-8446-1dcdfc100158,Apple Is Cooked: Headwinds for the Tech Behemoth This Quarter,"Market Analysis by  covering: Apple Inc, Spotify Technology SA. Read 's Market Analysis on Investing.com",,"Apple Inc. (NASDAQ: ), the tech behemoth that has long been a darling of Wall Street, is facing an unusual convergence of challenges that threaten to derail its...",https://www.investing.com/analysis/apple-is-cooked-headwinds-for-the-tech-behemoth-this-quarter-200660299,https://i-invdn-com.investing.com/redesign/images/seo/investingcom_analysis_og.jpg,en,2025-05-02 22:02:00+00:00,investing.com,,AAPL
2025-05-02,676b062d-509e-466c-981d-7ca4f67aeb34,Apple Faces Uncertain Outlook Despite Beating on EPS and Revenue in Q2,"Market Analysis by  covering: Apple Inc, Amazon.com Inc. Read 's Market Analysis on Investing.com",,Tariff concerns continue to weigh on Apple (NASDAQ: ) as the stock fell about 4% Friday after the tech giant released its fiscal second quarter earnings Thursda...,https://www.investing.com/analysis/apple-faces-uncertain-outlook-despite-beating-on-eps-and-revenue-in-q2-200660300,https://i-invdn-com.investing.com/redesign/images/seo/investingcom_analysis_og.jpg,en,2025-05-02 22:07:00+00:00,investing.com,,AAPL
2025-05-12,7df71b2b-6801-49df-8fa7-1df0091cd65c,"Tariffs Out, Price Hikes In: Reiterating Buy On Apple (NASDAQ:AAPL)",Apple Inc. faces declining iPhone sales in China due to competition from Huawei & Xiaomi. Click for how this challenge impacts AAPL growth & spurs innovation.,,Don’t just invest—dominate with Tech Contrarians' realized return on closed positions of 65.8% since inception. You’ll get exclusive insights into high-fo...,https://seekingalpha.com/article/4785748-tariffs-out-price-hikes-in-reiterating-buy-on-apple,https://static.seekingalpha.com/cdn/s3/uploads/getty_images/816101886/image_816101886.jpg?io=getty-c-w1536,en,2025-05-12 22:11:37+00:00,seekingalpha.com,,AAPL
2025-05-12,b22635c5-0dcb-45b2-9acd-d452b92c411f,Market Today: U.S.-China Trade Truce Sparks Optimism in Tech and Pharma Sectors,"Market Overview
A strong rally gripped the stock market today, with indices experiencing significant gains across the board. The Dow Jones Industrial Average ro","GuruFocus, Article, News, GuruFocus News, AAPL, NVDA, TSLA, AMZN, GOOGL, PLTR, LLY, AMGN, PFE, AZN, NRG, WBA, 00ET","Market Overview

A strong rally gripped the stock market today, with indices experiencing significant gains across the board. The Dow Jones Industrial Average r...",https://www.gurufocus.com/news/2855798/market-today-uschina-trade-truce-sparks-optimism-in-tech-and-pharma-sectors,https://static.gurufocus.com/1732803573856661504.png,en,2025-05-12 22:32:30+00:00,gurufocus.com,,AAPL
2025-05-12,caa423ec-95e1-49db-bea0-7844bc6a6a9a,"ASX Market Open: Aussie stocks to reflect Wall Street buoyancy after trade breakthrough | May 13, 2025","The Aussie bourse is set to open on a stronger note on Tuesday, following news of a trade breakthrough between China and the US",,"The ASX200 is set to open 1.18% higher, echoing the buoyant mood on Wall Street after China and the United States agreed to temporarily cut tariffs following a ...",https://themarketonline.com.au/asx-market-open-aussie-stocks-to-reflect-wall-street-buoyancy-after-trade-breakthrough-may-13-2025-2025-05-13/,https://themarketonline.com.au/wp-content/uploads/2025/04/MO-rise.png,en,2025-05-12 22:55:17+00:00,themarketherald.com.au,,AAPL
2025-05-27,813f85c6-64d3-46a3-8cd3-2614fbb8bb8a,US Stocks Surge as Trade Tensions Ease; TSLA and AMD Lead Gains,"US stock markets soared as trade tensions between the US and Europe eased, with President Trump agreeing to delay a 50% tariff on the EU. The Dow Jones Industri","GuruFocus, Article, News, GuruFocus News, TSLA","US stock markets soared as trade tensions between the US and Europe eased, with President Trump agreeing to delay a 50% tariff on the EU. The Dow Jones Industri...",https://www.gurufocus.com/news/2890701/us-stocks-surge-as-trade-tensions-ease-tsla-and-amd-lead-gains,https://static.gurufocus.com/logos/0C00004EP4.png?20,en,2025-05-27 22:00:20+00:00,gurufocus.com,,AAPL
2025-05-27,d6249def-8c3f-4320-8f6e-a00b098880b3,Apple Sinks After New 25% Tariff Announcement—What’s The Bottom?,"Market Analysis by  covering: S&P 500, Apple Inc. Read 's Market Analysis on Investing.com",,There seems to be a very small list of stocks that are now immune to President Trump’s recent trade tariff announcements. The implementations are starting to ...,https://www.investing.com/analysis/apple-sinks-after-new-25-tariff-announcementwhats-the-bottom-200661359,https://i-invdn-com.investing.com/redesign/images/seo/investingcom_analysis_og.jpg,en,2025-05-27 22:03:00+00:00,investing.com,,AAPL
2025-05-27,66c5f426-a53d-4697-ac63-650bf312c7d1,ASX Market Open: Unsurprising Trump EU backdown spurs markets into Week 22 recovery,"Australian shares are being tipped to open +0.65% higher today, reclaiming much…",,"Join our daily newsletter At The Bell to receive exclusive market insights

Australian shares are being tipped to open +0.65% higher today, reclaiming much of t...",https://themarketonline.com.au/asx-market-open-unsurprising-trump-eu-backdown-spurs-markets-into-week-22-recovery-2025-05-28/,https://themarketonline.com.au/wp-content/uploads/2025/04/MO-rise.png,en,2025-05-27 22:35:52+00:00,themarketherald.com.au,,AAPL
2025-07-31,8170c7b3-6533-459d-988e-adc29ed0d1a3,Tech Earnings Drive Market Volatility as Major Indexes Close Lower,"The U.S. stock market experienced a volatile trading session on Thursday, July 31, 2025, with major indexes ultimately closing lower despite an early surge",,"The U.S. stock market experienced a volatile trading session on Thursday, July 31, 2025, with major indexes ultimately closing lower despite an early surge fuel...",https://stockmarketwatch.com/stock-market-news/tech-earnings-drive-market-volatility-as-major-indexes-close-lower/51315/,https://stockmarketwatch.com/stock-market-news/wp-content/uploads/2025/07/smw-icon-1000x700-logo.png,en,2025-07-31 21:07:28+00:00,thestockmarketwatch.com,,AAPL
2025-07-31,833990f7-73f5-46f2-ba1d-f76df0d15060,Apple (AAPL) Reports Q3 Earnings: What Key Metrics Have to Say,"Although the revenue and EPS for Apple (AAPL) give a sense of how its business performed in the quarter ended June 2025, it might be worth considering how some key metrics compare with Wall Street estimates and the year-ago numbers.","stock, stocks, investment, investment advice, investing, online trading, online investment, online stock trading, stock market, financial, financial planning, quote, quotes, stock quotes","This page has not been authorized, sponsored, or otherwise approved or endorsed by the companies represented herein. Each of the company logos represented herei...",https://www.zacks.com/stock/news/2645981/apple-aapl-reports-q3-earnings-what-key-metrics-have-to-say?cid=CS-ZC-FT-fundamental_analysis|nfm-2645981,https://staticx-tuner.zacks.com/images/default_article_images/default307.jpg,en,2025-07-31 22:00:02+00:00,zacks.com,,AAPL
2025-07-31,c72d76c7-03dc-497e-9120-ad19984c3d8d,"Apple Q3: $100 Billion In Buybacks, $9 Billion In CapEx – Why I'm Not Buying (NASDAQ:AAPL)","Apple's growth relies on buybacks, not innovation. Explore challenges like low CapEx and AI gaps driving overvaluation.",,"Apple Inc. (NASDAQ: AAPL ) has just released its quarterly results , with revenues up 10% and earnings per share up 12%. But if this is really the future of Cup...",https://seekingalpha.com/article/4807142-apple-q3-100-billion-in-buybacks-9-billion-in-capex-why-im-not-buying,https://static.seekingalpha.com/cdn/s3/uploads/getty_images/1078842130/image_1078842130.jpg?io=getty-c-w1536,en,2025-07-31 22:00:42+00:00,seekingalpha.com,,AAPL
2025-10-30,03d20237-798e-4d31-95d5-f8dc6a3a3bfc,"Apple Q3: Stocks Crash, Then Rise - Why? (Rating Upgrade) (NASDAQ:AAPL)","Apple Inc. posts record earnings and strong services growth, offsetting China sales dips. Click to discover why AAPL stock is now upgraded to a Strong Buy.",,"Portfolio manager, fundamental equity research, macro and geopolitical strategy.Over 10 years across global markets, managing multi-asset strategies and equity ...",https://seekingalpha.com/article/4835961-apple-q3-stocks-crash-then-rise-why-rating-upgrade,https://static.seekingalpha.com/cdn/s3/uploads/getty_images/1705316992/image_1705316992.jpg?io=getty-c-w1536,en,2025-10-30 23:15:46+00:00,seekingalpha.com,,AAPL
2025-10-30,f4bf7e9f-83c1-4776-9e36-0704778f9428,"Stock market today: S&P 500, Nasdaq rebound as Amazon earnings revive faith in Big Tech","US stocks have seen volatile moves in the last handful of trading sessions, as strong earnings and massive AI spending pull investors in different directions.","Amazon, Amazon Web Services, Nasdaq Composite, tech stocks, Wall Street, earnings reports","US stocks bounced back on Friday, on track for weekly wins as Wall Street embraced strong earnings from Amazon (AMZN) that eased doubts about prospects for Big ...",https://finance.yahoo.com/news/live/stock-market-today-sp-500-nasdaq-rebound-as-amazon-earnings-revive-faith-in-big-tech-232027753.html,https://s.yimg.com/ny/api/res/1.2/8vfL2ZSvUm.PjEvPOzfEkQ--/YXBwaWQ9aGlnaGxhbmRlcjt3PTEyMDA7aD04MDE-/https://s.yimg.com/os/creatr-uploaded-images/2025-10/6df29570-b2b3-11f0-bff7-c6bebfd0d382,en,2025-10-30 23:20:27+00:00,finance.yahoo.com,,AAPL
2025-10-30,95716c03-9260-4432-ab84-24db9136c499,"Stock market today: S&P 500, Nasdaq rebound loses steam as Amazon soars after earnings shine","US stocks have seen volatile moves in the last handful of trading sessions, as strong earnings and massive AI spending pull investors in different directions.","Amazon, Nasdaq Composite, Amazon Web Services, earnings reports, tech stocks, S&P 500","A US stock bounce back lost steam in afternoon trading on Friday, though Wall Street remained on track for weekly wins as investors embraced strong earnings fro...",https://finance.yahoo.com/news/live/stock-market-today-sp-500-nasdaq-rebound-loses-steam-as-amazon-soars-after-earnings-shine-232027491.html,https://s.yimg.com/ny/api/res/1.2/8vfL2ZSvUm.PjEvPOzfEkQ--/YXBwaWQ9aGlnaGxhbmRlcjt3PTEyMDA7aD04MDE-/https://s.yimg.com/os/creatr-uploaded-images/2025-10/6df29570-b2b3-11f0-bff7-c6bebfd0d382,en,2025-10-30 23:20:27+00:00,finance.yahoo.com,,AAPL
2025-12-10,36ab750a-c5eb-4d59-b202-2be388ced34d,Amazon bets on color and AI with its priciest Kindle to date,mazon.com Inc.'s new Kindle Scribe Colorsoft is the company's most serious effort yet to turn its e-reader into a productivity tool.,,(Bloomberg/Samantha Kelly) — Amazon.com Inc.’s new Kindle Scribe Colorsoft is the company’s most serious effort yet to turn its e-reader into a productivi...,https://www.mercurynews.com/2025/12/10/amazon-bets-on-color-and-ai-with-its-priciest-kindle-to-date/,https://www.mercurynews.com/wp-content/uploads/2018/04/amazon.jpg?w=1024&h=683,en,2025-12-10 18:02:05+00:00,flipboard.com,,AAPL
2025-12-10,4d74e7e0-3b35-4592-98db-5c52e5172fd4,"Auditor flags lapses in Apple GCC's data backup, audit trails",Apple's India operations facility has drawn auditor attention in its initial year. SR Batliboi & Associates highlighted issues with daily book backups and audit trails. The company has since implemented systems to meet legal requirements. These findings relate to Apple Operations India's support for the parent company's global activities. The facility procures equipment and employs engineers for R&D.,"batliboi, Apple Operations India, data backup, SR Batliboi & Associates, compliance gaps, India facility","Live Events



as a Reliable and Trusted News Source Addas a Reliable and Trusted News Source Add Now!

(You can now subscribe to our

(You can now subscribe to...",https://economictimes.indiatimes.com/industry/cons-products/electronics/auditor-flags-lapses-in-apple-gccs-data-backup-audit-trails/articleshow/125896797.cms,"https://img.etimg.com/thumb/msid-125896922,width-1200,height-630,imgsize-168976,overlay-economictimes/articleshow.jpg",en,2025-12-10 19:03:58+00:00,economictimes.indiatimes.com,,AAPL
2025-12-10,59ef70ac-ed10-4e51-a858-fd6647f69795,"Wall Street Lunch: 3rd Straight FOMC Cut, But Dissents Grow","As widely expected, the Federal Open Market Committee reduced its benchmark interest rate by 25 basis points on Wednesday, its third straight cut.",,"asbe/iStock via Getty Images

Listen below or on the go on Apple Podcasts and Spotify

This is an abridged transcript of the podcast:

As widely expected, the F...",https://seekingalpha.com/article/4852258-wall-street-lunch-3rd-straight-fomc-cut-but-dissents-grow,https://static.seekingalpha.com/cdn/s3/uploads/getty_images/2234483669/image_2234483669.jpg?io=getty-c-w1536,en,2025-12-10 21:45:00+00:00,seekingalpha.com,,AAPL
