date_requested,uuid,title,description,keywords,snippet,url,image_url,language,published_at,source,ticker,sentiment_score
2/22/24,69b60748-be89-4797-8354-74bcc1221c6a,OpenAI CEO Sam Altman stands to net millions as Reddit goes public,Sam Altman used Reddit every day for years before leading a $50 million round in the online discussion board company. Now Reddit sees ChatGPT as competition.,"Enterprise, Breaking News: Technology, Technology, Business, Microsoft Corp, Asana Inc, Instacart (Maplebear Inc), business news","OpenAI CEO Sam Altman will be in a position to make millions after Reddit goes public, thanks to a series of bets on the online discussion board company that go...",https://www.cnbc.com/2024/02/22/openai-ceo-sam-altman-stands-to-net-millions-as-reddit-goes-public.html,https://image.cnbcfm.com/api/v1/image/107377219-1708643334862-gettyimages-1933965269-DAVOS_WEF_2024.jpeg?v=1708643423&w=1920&h=1080,en,2024-02-22 23:28:30+00:00,cnbc.com,MSFT,0.7845
2/22/24,e19661e6-e94e-45a4-93eb-c1bee27ea900,Adobe: Do Not Ignore Figma And The Long-Term Gen AI Threat (NASDAQ:ADBE),"Adobe Inc. stock underperforms market, cancels Figma acquisition. Questions remain on its high valuation. Click for my ADBE update amidst all the turmoil.",,"Frazao Studio Latino/E+ via Getty Images

Adobe Inc. (NASDAQ:ADBE) was a big winner in 2023, as the company benefited from both a broader tech recovery as well ...",https://seekingalpha.com/article/4672663-adobe-do-not-ignore-figma-and-the-long-term-gen-ai-threat,https://media.gettyimages.com/id/1480560243/photo/young-man-drawing-on-a-paper-at-tattoo-studio.jpg?b=1&s=170667a&w=0&k=20&c=GNDNhW7iRflZA1N8IV1mSAq1LBlbzugd9Yh8x3DBk-U=,en,2024-02-22 23:44:08+00:00,seekingalpha.com,MSFT,0.3612
2/22/24,313bde6b-3443-4bd7-b625-15f9008d89ef,Earnings call: Ipsos reports solid growth with strategic tech investments By Investing.com,Earnings call: Ipsos reports solid growth with strategic tech investments,,"Published Feb 22, 2024 06:45PM ET

© Reuters.

IPSp 0.00% Add to/Remove from Watchlist

In the latest Earnings Call, Ipsos, the global market research firm, ha...",https://www.investing.com/news/stock-market-news/earnings-call-ipsos-reports-solid-growth-with-strategic-tech-investments-93CH-3312239,https://i-invdn-com.investing.com/news/LYNXNPEAB20I9_L.jpg,en,2024-02-22 23:45:50+00:00,investing.com,MSFT,0.4336
3/5/24,f88b8800-f19e-4873-adab-6607fd33a5ea,"‘Magnificent Seven’ shed $233 billion in market cap, dragging down stock market","‘This isn’t some panic selling,’ says Michael Sansoterra, chief investment officers at Silvant Capital Management","article_normal, magnificentseven, stockmarket, Financial Investment Services, Portfolio/Fund/Asset Management, Market Research/Public Relations, Public Relations, Internet Search Engines, Advertising/Marketing/Public Relations, Business/Consumer Services, Financial Services, Online Service Providers, Investing/Securities, Technology, Financial Performance, Corporate/Industrial News, Equity Markets, Debt/Bond Markets, Derivative Securities, Commodity/Financial Market News, Content Types, Factiva Filters, C&E Exclusion Filter, C&E Industry News Filter, MagnificentSeven, Apple Inc., AAPL, Amazon.com Inc., AMZN, Microsoft Corp., MSFT, NVIDIA Corp., NVDA, Tesla Inc., TSLA, Alphabet Inc. Cl A, GOOGL, Alphabet Inc. Cl C, GOOG, Meta Platforms Inc., META, NASDAQ Composite Index, COMP, S&P 500 Index, SPX, Dow Jones Industrial Average, DJIA, financial performance, corporate, industrial news, equity markets, debt, bond markets, derivative securities, commodity, financial market news, content types, factiva filters, c&e exclusion filter, c&e industry news filter, financial investment services, portfolio, fund, asset management, market research, public relations, internet search engines, advertising, marketing, business, consumer services, financial services, online service providers, investing, securities, technology","It has been a not-so magnificent Tuesday.

The “Magnificent Seven” group of technology companies that have helped underpin the stock-market rally for months...",https://www.marketwatch.com/story/magnificent-seven-shed-233-billion-in-market-cap-dragging-down-the-stock-market-d71f4f68?g=3d1778e3-98c2-4afa-a306-038a450ad4be&mod=mw_rss_bulletins,https://images.mktw.net/im-19977052/social,en,2024-03-05 22:21:26+00:00,marketwatch.com,MSFT,0.7506
3/5/24,4ad9573e-9020-44cd-9e18-c9c24b522c5c,"Market Today: CrowdStrike Soars on Earnings Beat, ChargePoint Tumbles After Disappointing Results","Market Overview The stock market experienced a downturn, with major indices falling over 1.0%, led by a decline in tech stocks. The drop was more pronounced in","GuruFocus, Article, News, GuruFocus Research, CRWD, CHPT, TSLA, AAPL, JWN, MDB, ROST, ARDX, PLTR, SOFI, ALB, BOX","Market Overview

The stock market experienced a downturn, with major indices falling over 1.0%, led by a decline in tech stocks. The drop was more pronounced in...",https://www.gurufocus.com/news/2373691/market-today-crowdstrike-soars-on-earnings-beat-chargepoint-tumbles-after-disappointing-results,https://static.gurufocus.com/1732803573856661504.png,en,2024-03-05 22:40:28+00:00,gurufocus.com,MSFT,0.6369
3/5/24,0883e662-3559-47e7-885d-f872f948b893,Asia Stocks Set for Mixed Open After US Tech Slide: Markets Wrap,Stocks in Asia were set for a mixed open after tech heavyweights dragged down US indexes in the run-up to Federal Reserve Chair Jerome Powell’s testimony to…,,"This advertisement has not loaded yet, but your article continues below.

Asia Stocks Set for Mixed Open After US Tech Slide: Markets Wrap Stocks in Asia were s...",https://financialpost.com/pmn/business-pmn/asia-stocks-set-for-mixed-open-after-us-tech-slide-markets-wrap,https://smartcdn.gprod.postmedia.digital/financialpost/wp-content/uploads/2024/03/us-spot-etfs-help-drive-bitcoin-to-a-record-high.jpg,en,2024-03-05 23:07:09+00:00,financialpost.com,MSFT,0.2023
3/12/24,723dd36a-65cb-4c53-b6ea-00bbb7f0b511,10 Best Alternatives to Amazon Echo and Alexa,"In this article, we will list the 10 best alternatives to Amazon Echo and Alexa. If you want to skip our detailed analysis of the Internet of Things and Artificial Intelligence industry, go to 5 Best Alternatives to Amazon Echo and Alexa. Internet of Things (IoT) refers to a network of interconnected physical objects, devices, […]",,"In this article, we will list the 10 best alternatives to Amazon Echo and Alexa. If you want to skip our detailed analysis of the Internet of Things and Artific...",https://finance.yahoo.com/news/10-best-alternatives-amazon-echo-224437007.html?.tsrc=rss,https://s.yimg.com/ny/api/res/1.2/SCHDCVtujfqNO_3S5s23ng--/YXBwaWQ9aGlnaGxhbmRlcjt3PTEyMDA7aD04MDM-/https://media.zenfs.com/en/insidermonkey.com/fa047dc9147dab502d76dc7f4cab5de6,en,2024-03-12 22:44:37+00:00,finance.yahoo.com,MSFT,0.5817
3/12/24,783c6c3d-e3ca-4ef5-8fba-9913e9dff367,"Identiv, Inc. (INVE) Q4 2023 Earnings Call Transcript","Identiv, Inc. (NASDAQ:NASDAQ:INVE) Q4 2023 Earnings Conference March 12, 2024 5:00 PM ETCompany ParticipantsSteven Humphreys - Chief Executive OfficerJustin...",,"Identiv, Inc. (NASDAQ:INVE) Q4 2023 Earnings Conference March 12, 2024 5:00 PM ET

Company Participants

Steven Humphreys - Chief Executive Officer

Justin Scar...",https://seekingalpha.com/article/4677752-identiv-inc-inve-q4-2023-earnings-call-transcript,https://static.seekingalpha.com/assets/og_image_1200-29b2bfe1a595477db6826bd2126c63ac2091efb7ec76347a8e7f81ba17e3de6c.png,en,2024-03-12 23:47:05+00:00,seekingalpha.com,MSFT,-0.5391
3/12/24,796f8fbb-c821-4b7e-948f-82e79017e5db,US stock futures steady after post-CPI rally; More inflation cues on tap By Investing.com,US stock futures steady after post-CPI rally; More inflation cues on tap,,"Published Mar 12, 2024 07:59PM ET

© Reuters.

US500 +1.12% Add to/Remove from Watchlist DJI +0.61% Add to/Remove from Watchlist BA -4.29% Add to/Remove from W...",https://www.investing.com/news/stock-market-news/us-stock-futures-steady-after-postcpi-rally-more-inflation-cues-on-tap-3335177,https://i-invdn-com.investing.com/news/LYNXMPEA7Q0M3_L.jpg,en,2024-03-12 23:59:57+00:00,investing.com,MSFT,0.34
3/14/24,4d9e762e-f6d4-4100-8071-d9de235346af,Market Open: Brace yourselves for ASX200 fall,Futures have been pointing to a 0.7 per cent drop after all US markets closed in the red off the back of higher-than-expected inflation data.,,"Join our daily newsletter At The Bell to receive exclusive market insights

ASX200 investors: Brace yourselves for market falls today!

Futures have been pointi...",https://themarketonline.com.au/market-open-brace-yourselves-for-asx200-fall-2024-03-15/,https://themarketonline.com.au/wp-content/uploads/2024/02/og-49094-Thumb-MO-1280x720.jpg,en,2024-03-14 22:18:45+00:00,themarketherald.com.au,MSFT,0.5859
3/14/24,cc835514-5889-4799-bd15-23c3371143fd,"Market Today: FDA Approves First NASH Therapy, Adobe and Ulta Beauty Report Earnings","Market Overview
The stock market experienced a downturn, with the S&P 500 (-0.3%), Nasdaq Composite (-0.3%), and Dow Jones Industrial Average (-0.4%) all closin","GuruFocus, Article, News, GuruFocus Research, MDGL, ADBE, ULTA, AAPL, ARCC, GERN, KODK, MO, VLO, PD, PATH, CDLX, BA, ENPH, AAPL, MSFT, AMZN, GOOG","Market Overview

The stock market experienced a downturn, with the S&P 500 (-0.3%), Nasdaq Composite (-0.3%), and Dow Jones Industrial Average (-0.4%) all closi...",https://www.gurufocus.com/news/2383968/market-today-fda-approves-first-nash-therapy-adobe-and-ulta-beauty-report-earnings,https://static.gurufocus.com/1732803573856661504.png,en,2024-03-14 22:40:31+00:00,gurufocus.com,MSFT,0.73955
3/14/24,55a27104-36c0-4f92-8175-7a115022fb75,"Earnings call: Turtle Beach acquires PDP, projects growth in 2024 By Investing.com","Earnings call: Turtle Beach acquires PDP, projects growth in 2024",,"Published Mar 14, 2024 07:51PM ET

© Reuters.

HEAR +26.47% Add to/Remove from Watchlist

Turtle Beach (NASDAQ: ), a leading gaming accessory brand, has announ...",https://www.investing.com/news/stock-market-news/earnings-call-turtle-beach-acquires-pdp-projects-growth-in-2024-93CH-3339136,https://i-invdn-com.investing.com/news/LYNXNPEB9M0BY_L.jpg,en,2024-03-14 23:51:33+00:00,investing.com,MSFT,0.6402
4/30/24,1bfb08df-92ce-4b76-a691-1b456fb92fd4,Jim Cramer says GE Healthcare's unwarranted post-earnings plunge is a buying opportunity,"Every weekday, the Investing Club releases the Homestretch; an actionable afternoon update just in time for the last hour of trading.","Homestretch, Breaking News: Markets, Markets, Investment strategy, Jim Cramer, Dow Jones Industrial Average, NASDAQ Composite, S&P 500 Index, GE HealthCare Technologies Inc, Constellation Brands Inc, Molson Coors Beverage Co, Eli Lilly and Co, Eaton Corporation PLC, Amazon.com Inc, Starbucks Corp, McDonald's Corp, Microsoft Corp, Alphabet Inc, Interest Rates, Inflation, Health care industry, Breaking News: Business, Retail industry, business news","Every weekday, the CNBC Investing Club with Jim Cramer releases the Homestretch — an actionable afternoon update, just in time for the last hour of trading on...",https://www.cnbc.com/2024/04/30/cramer-gehcs-unwarranted-post-earnings-plunge-is-a-buying-opportunity.html,https://image.cnbcfm.com/api/v1/image/107399547-1712781262762-gettyimages-2148193067-eid402813_sskypqgz.jpeg?v=1714502057&w=1920&h=1080,en,2024-04-30 18:35:08+00:00,cnbc.com,MSFT,0.3182
4/30/24,4f208976-aa85-45b4-be86-0a0ebfc9927c,"Wall Street stocks fall as markets weigh strong wage data, Fed meeting","U.S. stocks traded lower
on Tuesday as markets weighed economic data showing rising labor
costs and deteriorating consumer confidence on the eve of a key
Federal Reserve policy meeting to decide the...",Markets,"* Amazon set to report results after the bell

* Eli Lilly jumps after raising annual profit forecast

* McDonald's gains despite rare profit miss

* Indexes do...",https://www.marketscreener.com/quote/currency/AUSTRALIAN-DOLLAR-US-DOLL-2373531/news/Wall-Street-stocks-fall-as-markets-weigh-strong-wage-data-Fed-meeting-46585449/,https://img.zonebourse.com/reuters/2016-11/2016-11-23T211715Z_1_LYNXMPECAM1G5_RTROPTP_2_USA.JPG,en,2024-04-30 18:49:30+00:00,marketscreener.com,MSFT,0.1531
4/30/24,20575def-bcc5-4ef4-bcdf-1909ebd8da43,AMD Reports First Quarter 2024 Financial Results,"SANTA CLARA, Calif., April 30, 2024 (GLOBE NEWSWIRE) -- AMD (NASDAQ:AMD) today announced revenue for the first quarter of 2024 of $5.5 billion, gross margin of 47%, operating income of $36 million, net income of $123 million and diluted earnings per share of $0.07. On a non-GAAP(*) basis, gross margin was 52%, operating income was $1.1 billion, net income was $1.0 billion and diluted earnings per share was $0.62. “We delivered strong first quarter results with our Data Center and Client segments",,"Advanced Micro Devices, Inc.

SANTA CLARA, Calif., April 30, 2024 (GLOBE NEWSWIRE) -- AMD (NASDAQ:AMD) today announced revenue for the first quarter of 2024 of ...",https://finance.yahoo.com/news/amd-reports-first-quarter-2024-201500114.html?.tsrc=rss,https://media.zenfs.com/en/globenewswire.com/701ad71f57aa227c300d55d9cf75787e,en,2024-04-30 20:15:00+00:00,finance.yahoo.com,MSFT,0.45245
5/30/24,c254ef8b-c6e8-4156-ac00-736f68a55c0d,The Birth of Microsoft: A New Era in Computing,"On April 4, 1975, a groundbreaking event took place in Albuquerque, New Mexico, that would shape the future of computing. Bill Gates and Paul Allen founded Microsoft Corporation with a vision to…",,"The Birth of Microsoft: A New Era in Computing Black · Follow 2 min read · Just now Just now -- Listen Share

On April 4, 1975, a groundbreaking event took pl...",https://medium.com/@joinblacktechies/the-birth-of-microsoft-a-new-era-in-computing-99adfb1ba853,https://miro.medium.com/v2/resize:fit:597/1*dFD1M6Oy4BxSmu2tRR4b3g@2x.jpeg,en,2024-05-30 21:56:23+00:00,medium.com,MSFT,0.303783
5/30/24,b35af77c-549d-4fa4-96b2-16453f635126,US stocks fall as several large tech names retreat,"Dow Jones Industrial Average finishes down 0.9 per cent at 38,111.48. Read more at straitstimes.com.",,"NEW YORK - Wall Street stocks fell for a second straight session on May 30, following a downgrade in a US growth report as several large tech shares tumbled.

T...",https://www.straitstimes.com/business/companies-markets/us-stocks-fall-as-several-large-tech-names-retreat,https://static1.straitstimes.com.sg/s3fs-public/styles/large30x20/public/articles/2024/05/31/2024-05-30T172133Z424333834RC2DE7ACO3E0RTRMADP3USA-STOCKS-SETTLEMENT.JPG?VersionId=55TRcXP6FrEcl0W0KwS0.j8apMaKgoyr,en,2024-05-30 22:29:15+00:00,straitstimes.com,MSFT,0.1779
5/30/24,e2ae468d-6ea2-4fec-a0ed-7f9e28093082,"Market Today: Salesforce Plunge, Dell Drop, and Nvidia Licensing Issues","Market Performance
The major indices closed with solid losses despite an underlying positive bias today. The market-cap weighted S&P 500 fell 0.6% while the equ","GuruFocus, Article, News, GuruFocus Research, AAPL, AMZN, CRM, DELL, NVDA, AMD, MRVL, COST, ULTA, MDB, ZS, MPW, -77%(consensus-05%);Priorwasrevisedto36%from34%</li>
</ul><h3>Friday'sEconomicCalendar</h3>
<ul>
<li>8","Market Performance

The major indices closed with solid losses despite an underlying positive bias today. The market-cap weighted S&P 500 fell 0.6% while the eq...",https://www.gurufocus.com/news/2449287/market-today-salesforce-plunge-dell-drop-and-nvidia-licensing-issues,https://static.gurufocus.com/1732803573856661504.png,en,2024-05-30 22:32:30+00:00,gurufocus.com,MSFT,-0.2064
7/24/24,2eec20ea-5da2-4a85-94de-3410135ded94,"ASX Market Open: AI doubts fuel worst US session in nearly 2 years | 25 July, 2024",The ASX200 is staring down losses of 0.8 per cent after the Nasdaq & S&P 500 took their biggest hits since late 2022.,,"Join our daily newsletter At The Bell to receive exclusive market insights

The ASX200 is staring down losses of 0.8 per cent after the Nasdaq & S&P 500 took th...",https://themarketonline.com.au/asx-market-open-ai-doubts-fuel-worst-us-session-in-nearly-2-years-25-july-2024-2024-07-25/,https://themarketonline.com.au/wp-content/uploads/2024/02/49094-Thumb-MO-1280x720-e1721689789746.jpg,en,2024-07-24 23:00:06+00:00,themarketherald.com.au,MSFT,-0.2732
7/24/24,7c8c3e19-0464-4fc8-b57a-b038fab540e9,"AI fever cools, wiping out $1.3 trillion on Nasdaq, with Tesla, Alphabet and more sinking",A growing number of market professionals argue that commercial hopes for AI are overblown. Read more at straitstimes.com.,,"SAN FRANCISCO – Investors soured on the promise of artificial intelligence (AI) on July 24, sparking a US$1 trillion (S$1.3 trillion) rout in the Nasdaq 100 i...",https://www.straitstimes.com/business/ai-fever-cools-wiping-out-13-trillion-on-the-nasdaq-stock-index,https://static1.straitstimes.com.sg/s3fs-public/styles/large30x20/public/articles/2024/07/25/2024-07-15T135223Z470349526RC2PT6A29Z9PRTRMADP3ONESTREAM-IPO.JPG?VersionId=OaOEhTslys3nON09A3OggFDEwak9XQwC,en,2024-07-24 23:15:00+00:00,straitstimes.com,MSFT,0.76115
7/24/24,df72941b-6f76-4fd7-ad32-6c073ae839b8,"Cybersecurity firms responsible for their products’ reliability, stability: LGMS chairman",KUALA LUMPUR: Cybersecurity companies must prioritise deploying updates and software patches in stages to prevent widespread issues such as the recent...,john gilbert,KUALA LUMPUR: Cybersecurity companies must prioritise deploying updates and software patches in stages to prevent widespread issues such as the recent global in...,https://thesun.my/business-news/cybersecurity-firms-responsible-for-their-products-reliability-stability-lgms-chairman-JC12769101,https://thesun.my/binrepository/480x339/0c45/480d250/none/11808/SXGG/lgms-fiong-choong-fook-z_4378610_20240724212453.jpg,en,2024-07-24 23:30:00+00:00,thesundaily.my,MSFT,-0.4767
8/5/24,ceb166c0-3ffd-4828-941d-c3d9d58d5fe1,"PLAYSTUDIOS Inc (MYPS) Q2 2024 Earnings: Revenue Misses Estimates at $72.6M, GAAP EPS at -$0.02","Revenue: $72.6 million, fell short of estimates of $74.56 million and down from $77.8 million in the same quarter last year.Net Loss: $2.6 million, compared to","GuruFocus, Article, News, GuruFocus Research, MYPS","On August 5, 2024, PLAYSTUDIOS Inc (MYPS, Financial) released its 8-K filing announcing the financial results for the second quarter ended June 30, 2024. The co...",https://www.gurufocus.com/news/2492737/playstudios-inc-myps-q2-2024-earnings-revenue-misses-estimates-at-726m-gaap-eps-at-002,https://static.gurufocus.com/logos/0C0000C6I3.png?5,en,2024-08-05 21:58:23+00:00,gurufocus.com,MSFT,0.872
8/5/24,99471ddd-ff4b-4512-a536-3e4f57205de0,FTQI: Unconvincing Buy-Write ETF (NASDAQ:FTQI),First Trust Nasdaq BuyWrite Income ETF invests at least 80% of its net assets in the components of the Nasdaq Composite Index. Learn more on FTQI here.,,"Klaus Vedfelt

This article series aims at evaluating ETFs (exchange-traded funds) regarding the relative past performance of their strategies and metrics of th...",https://seekingalpha.com/article/4710622-ftqi-unconvincing-buy-write-etf,https://static.seekingalpha.com/cdn/s3/uploads/getty_images/1253985645/image_1253985645.jpg?io=getty-c-w1536,en,2024-08-05 22:15:40+00:00,seekingalpha.com,MSFT,0.1523
8/5/24,9e89df3a-b5ae-4451-ae0a-4f1a34366303,Big Tech Traders Brace for More Swings as Selloff Turns Violent,"For months investors have faced a dilemma — pay through the nose for technology giants trading at eye-watering multiples, or wait for a cheaper entry point and risk missing out on the year’s biggest bull run.","Bloomberg, investors, tech companies, earnings, Nasdaq 100","(Bloomberg) -- For months investors have faced a dilemma — pay through the nose for technology giants trading at eye-watering multiples, or wait for a cheaper...",https://www.livemint.com/news/big-tech-traders-brace-for-more-swings-as-selloff-turns-violent-11722898407554.html,https://images.livemint.com/img/2018/12/28/1600x900/News_-_world_1545994908237.jpg,en,2024-08-05 22:53:26+00:00,livemint.com,MSFT,0.9196
10/31/24,377a91e6-a6fa-479e-a4ea-8857904addcf,"ASX Market Open: US tech retreat leads local bourse lower | November 1, 2024",The ASX 200 is tipped to drop 0.6% to end the week after Wall Street tumbled on earnings reports from several tech giants.,,"Join our daily newsletter At The Bell to receive exclusive market insights

The ASX 200 is tipped to drop 0.6% to end the week after Wall Street tumbled on earn...",https://themarketonline.com.au/asx-market-open-us-tech-retreat-leads-local-bourse-lower-november-1-2024-2024-11-01/,https://themarketonline.com.au/wp-content/uploads/2024/02/49094-Thumb-MO-1280x720-e1725577078375.jpg,en,2024-10-31 21:43:13+00:00,themarketherald.com.au,MSFT,0.34385
10/31/24,7b82beef-755e-45a6-814a-569b67a9e864,Tech Stocks: Staying Ahead Of The Curve,What happens when growth numbers for tech names start coming down? Joe Albano and Victor Dergunov dissect recent news and how the Presidential election will affect the sector.,,"NanoStockk/iStock via Getty Images

Listen here or on the go via Apple Podcasts and Spotify

What happens when growth numbers for tech names start coming down? ...",https://seekingalpha.com/article/4731811-tech-stocks-staying-ahead-of-the-curve,https://static.seekingalpha.com/cdn/s3/uploads/getty_images/1288440805/image_1288440805.jpg?io=getty-c-w1536,en,2024-10-31 22:30:00+00:00,seekingalpha.com,MSFT,0.538933
10/31/24,b39e64eb-c2bd-4625-b622-b87e7ab6f658,BlackRock launches ETF that expands beyond the 'Magnificent Seven',BlackRock's iShares is targeting investors who want to diversify beyond from the,"Consumer banking, JPMorgan Chase & Co, Exchange-traded funds, Stock markets, Wall Street, Markets, Investment strategy, iShares Top 20 U.S. Stocks ETF, Apple Inc, Amazon.com Inc, Meta Platforms Inc, Alphabet Inc, Microsoft Corp, NVIDIA Corp, Tesla Inc, NASDAQ Composite, CNBC Magnificent 7 Index, S&P 500 Index, Personal investing, iPhone, Earnings, Technology, BlackRock Inc, business news","BlackRock's iShares is trying to appeal to investors who want to diversify beyond from the so-called Magnificent Seven.

The firm launched the iShares Top 20 U....",https://www.cnbc.com/2024/10/31/megacap-tech-gets-new-blackrock-etf.html,https://image.cnbcfm.com/api/v1/image/106871431-1618995206523-gettyimages-1230188826-AFP_8XC7VA.jpeg?v=1730403801&w=1920&h=1080,en,2024-10-31 23:13:43+00:00,cnbc.com,MSFT,0.6808
11/15/24,d9bba847-7814-43ac-92f5-1cb71a4c64a9,"Stock Market Recap: S&P 500 Falls as Post-Election Rally Fades on November 15, 2024","The stock market closed lower on Friday, November 15, 2024, as the post-election rally that had propelled major indexes to record highs earlier in the week",,"Market Overview: Major Indexes Post Weekly Losses

The stock market closed lower on Friday, November 15, 2024, as the post-election rally that had propelled maj...",https://thestockmarketwatch.com/stock-market-news/stock-market-recap-sp-500-falls-as-post-election-rally-fades-on-november-15-2024/48409/,https://thestockmarketwatch.com/stock-market-news/wp-content/uploads/2024/08/5.jpg,en,2024-11-15 22:01:45+00:00,thestockmarketwatch.com,MSFT,0.0772
11/15/24,85d38b1d-8a31-468f-b2cb-d5852ba9a8e1,TSLA and SpaceX Lead Market; AMD Announces Workforce Reduction,"Tesla (TSLA) topped U.S. market trading volume, closing up 3.07% with a turnover of $43.232 billion. Reports indicate that Elon Musk's SpaceX plans a stock sale","GuruFocus, Article, News, GuruFocus News, AMD","Tesla (TSLA) topped U.S. market trading volume, closing up 3.07% with a turnover of $43.232 billion. Reports indicate that Elon Musk's SpaceX plans a stock sale...",https://www.gurufocus.com/news/2606659/tsla-and-spacex-lead-market-amd-announces-workforce-reduction,https://static.gurufocus.com/logos/0C0000099E.png?20,en,2024-11-15 22:30:14+00:00,gurufocus.com,MSFT,0
11/15/24,1055e7de-5954-4705-ad44-9c6874d27a1e,Nasdaq Experiences Largest Weekly Drop Since September; Disney and Palantir Surge,"The three major U.S. stock indices closed lower, with the Nasdaq Composite dropping 2.24%, resulting in a 3.15% decline for the week. The S&P 500 fell 1.32% and","GuruFocus, Article, News, GuruFocus News, DIS","The three major U.S. stock indices closed lower, with the Nasdaq Composite dropping 2.24%, resulting in a 3.15% decline for the week. The S&P 500 fell 1.32% and...",https://www.gurufocus.com/news/2606699/nasdaq-experiences-largest-weekly-drop-since-september-disney-and-palantir-surge,https://static.gurufocus.com/logos/0C000009L1.png?20,en,2024-11-15 23:30:10+00:00,gurufocus.com,MSFT,0.1779
12/18/24,56a83cc2-7a8a-48c5-9d74-a0cc80a9dfbc,Saylor Doubles Down: MicroStrategy’s Bitcoin Buying Spree Continues,In a recent appearance on,,"In a recent appearance on “Bloomberg Open Interest,” MicroStrategy (MSTR) co-founder and executive chairman Michael Saylor discussed the company’s aggress...",https://wallstreetpit.com/121542-saylor-doubles-down-microstrategys-bitcoin-buying-spree-continues/,https://wallstreetpit.com/wp-content/uploads/2024/12/microstrategy-Saylor2-G.jpg,en,2024-12-18 21:10:45+00:00,wallstreetpit.com,MSFT,0.34925
12/18/24,21513fd5-2a75-4618-89f2-12c7b3c73cda,Market Recap: Stocks Tumble as Fed Signals Fewer Rate Cuts in 2025,"The U.S. stock market experienced a significant downturn on Wednesday, December 18, 2024, as investors reacted to the Federal Reserve's latest policy decision",,"Why Was the Market Down Today? Fed’s Cautious Stance Shakes Investor Confidence

The U.S. stock market experienced a significant downturn on Wednesday, Decemb...",https://thestockmarketwatch.com/stock-market-news/market-recap-stocks-tumble-as-fed-signals-fewer-rate-cuts-in-2025/48588/,https://thestockmarketwatch.com/stock-market-news/wp-content/uploads/2024/08/5.jpg,en,2024-12-18 22:01:35+00:00,thestockmarketwatch.com,MSFT,0.6486
12/18/24,c7299034-5553-4467-a54d-35b8b4115acd,"Qualcomm saw Nuvia buy as chance to save $1.4 billion a year on Arm fees, CEO tells jury By Reuters","Qualcomm saw Nuvia buy as chance to save $1.4 billion a year on Arm fees, CEO tells jury",,"By Tom Hals

WILMINGTON, Delaware (Reuters) - Internal Qualcomm (NASDAQ: ) documents showed the chip firm estimated it could eventually save as much as $1.4 bil...",https://www.investing.com/news/stock-market-news/qualcomm-saw-nuvia-buy-as-chance-to-save-14-billion-a-year-on-arm-fees-ceo-tells-jury-3780773,https://i-invdn-com.investing.com/news/LYNXMPEA6M0X8_L.jpg,en,2024-12-18 23:59:35+00:00,investing.com,MSFT,0.802
1/15/25,ca8ec18a-1520-4969-b4aa-f771a04b75c6,Best AI Stocks to Hold in 2025,"Stocks Analysis by The Tokenist (Timothy Fries) covering: JPMorgan Chase & Co, Alphabet Inc Class A, Qualcomm Incorporated, Amazon.com Inc. Read The Tokenist (Timothy Fries)'s latest article on Investing.com",,"Owing to a stronger-than-expected jobs report for December, at 256,000 job gains vs 160,000 expected, the Fed’s interest cuts are no longer a certainty for 20...",https://www.investing.com/analysis/best-ai-stocks-to-hold-in-2025-200656273,https://i-invdn-com.investing.com/redesign/images/seo/investingcom_analysis_og.jpg,en,2025-01-15 20:31:00+00:00,investing.com,MSFT,-0.2263
1/15/25,d671a6ec-b5c7-41b2-a9f9-992138a701ee,NASDAQ snaps five-day losing streak with its best day since November 6,NASDAQ up 2.43% at close,,The major stock indices cheered on the combined PPI and CPI data with sharp gains in the major indices. The NASDAQ index snapped its five day losing streak (-4....,https://www.forexlive.com/news/nasdaq-snaps-five-day-losing-streak-with-its-best-day-since-november-6-20250115/,https://images.forexlive.com/fl-static/fl-thumbnail.jpg,en,2025-01-15 21:13:08+00:00,forexlive.com,MSFT,0.3608
1/15/25,b2573e1a-574a-409e-aab7-1f4a50d6a2c8,Market Recap: Stocks Surge on Cooler Inflation Data and Strong Bank Earnings,"On Wednesday, January 15, 2025, U.S. stock markets experienced a robust rally, with all major indexes posting significant gains. The surge was fueled by a",,"Major Indexes Post Significant Gains

On Wednesday, January 15, 2025, U.S. stock markets experienced a robust rally, with all major indexes posting significant ...",https://thestockmarketwatch.com/stock-market-news/market-recap-stocks-surge-on-cooler-inflation-data-and-strong-bank-earnings/48749/,https://thestockmarketwatch.com/stock-market-news/wp-content/uploads/2024/08/5.jpg,en,2025-01-15 22:28:36+00:00,thestockmarketwatch.com,MSFT,0.7351
1/22/25,a4e1cb00-ae8f-45fc-b183-1fa858c78c44,Market Surge: S&P 500 Hits Record High as Tech Stocks and AI Investments Lead the Way,"In a bullish trading session on Wednesday, January 22, 2025, the U.S. stock market demonstrated remarkable strength, with the S&P 500 reaching a new",,"In a bullish trading session on Wednesday, January 22, 2025, the U.S. stock market demonstrated remarkable strength, with the S&P 500 reaching a new all-time hi...",https://thestockmarketwatch.com/stock-market-news/market-surge-sp-500-hits-record-high-as-tech-stocks-and-ai-investments-lead-the-way/48789/,https://thestockmarketwatch.com/stock-market-news/wp-content/uploads/2024/08/5.jpg,en,2025-01-22 22:28:41+00:00,thestockmarketwatch.com,MSFT,0.6474
1/22/25,f22ddc3a-3c6e-4462-af85-3130d80350a0,5 US Stocks That Could Skyrocket After Trump’s Inauguration,"With Donald Trump starting his second Presidential term of office on 20 January, we look at five stocks that could benefit from his policies.",,"It’s interesting times in the US political scene once again as Donald Trump was inaugurated for his second term on 20 January.

The fiery politician is herald...",https://thesmartinvestor.com.sg/5-us-stocks-that-could-skyrocket-after-trumps-inauguration/,https://thesmartinvestor.com.sg/wp-content/uploads/2025/01/Donald-Trump.jpg,en,2025-01-22 23:30:00+00:00,thesmartinvestor.com.sg,MSFT,0.62285
1/22/25,3d11ddc7-ae2e-4d4c-8ebf-be7998135693,Nvidia supplier SK Hynix clocks bumper Q4 profit on AI-fueled chip demand By Investing.com,Nvidia supplier SK Hynix clocks bumper Q4 profit on AI-fueled chip demand,,"Investing.com-- Nvidia supplier SK Hynix Inc (KS: ) posted a sharp increase in its fourth-quarter profit on Thursday, as the memory chip maker benefited from in...",https://www.investing.com/news/stock-market-news/nvidia-supplier-sk-hynix-clocks-bumper-q4-profit-on-aifueled-chip-demand-3825917,https://i-invdn-com.investing.com/news/SKHynix_800x533_L_1648193506.jpg,en,2025-01-22 23:50:12+00:00,investing.com,MSFT,0
1/28/25,c869eab7-0d37-4866-a017-1a47f799bc7f,"Dow Jones Futures: 10 AI Stock Buys As Tesla, Microsoft, Meta, Fed Decision Loom","Dow Jones futures: The stock market rallied with many AI stocks flashing buy signals. Microsoft, Meta, Tesla and the Fed loom Wednesday.",,"Stock Market Bounces After AI Bloodbath; CrowdStrike Breaks Out, Leads Another Software Rally

9:36 AM ET The Nasdaq bounced 2% in the stock market Tuesday as e...",https://www.investors.com/market-trend/stock-market-today/dow-jones-futures-10-ai-stock-buys-tesla-microsoft-meta-fed-decision/,https://www.investors.com/wp-content/uploads/2024/11/Stock-cyberbulltitan-genAI-01-adobe.jpg,en,2025-01-28 22:44:28+00:00,investors.com,MSFT,-0.2263
1/28/25,0afdae3a-5e8b-493c-9ef8-59de56ebb2f8,Wall Street tumbles amid DeepSeek challenge,Wall Street experiences a significant decline as DeepSeek presents a new financial challenge.,,World shares are mostly lower after Wall Street edged back from its record highs on Monday. US stock futures sank as investors weighed a significant challenge f...,https://www.under30ceo.com/wall-street-tumbles-amid-deepseek-challenge/,https://cdn.under30ceo.com/wp-content/uploads/2025/01/cevj8lpbjsc.jpg,en,2025-01-28 22:50:00+00:00,under30ceo.com,MSFT,-0.1531
1/28/25,f13c8e80-41e0-4900-bdbd-821c18244d5b,NVIDIA’s $600 Billion Wipeout: How DeepSeek’s AI Breakthrough Reshaped the Tech Landscape,"In a shocking turn of events, NVIDIA Corporation has faced an unprecedented $600 billion drop in market value, marking the largest single-day loss in U.S. stock market history. The surprising…",,NVIDIA’s $600 Billion Wipeout: How DeepSeek’s AI Breakthrough Reshaped the Tech Landscape What's Trending · Follow 3 min read · Just now Just now -- Liste...,https://medium.com/@WTPlaybook/nvidias-600-billion-wipeout-how-deepseek-s-ai-breakthrough-reshaped-the-tech-landscape-409740d60424,https://miro.medium.com/v2/resize:fit:1200/1*MeGrrMd_zJgGjDfJAQznAA.jpeg,en,2025-01-28 23:02:10+00:00,medium.com,MSFT,-0.6705
1/30/25,061544b0-e0d7-46ad-88b9-fcf0d31428a6,Market Recap: S&P 500 Rises Amid Tech Earnings and Economic Data,"As of Thursday, January 30, 2025, the U.S. stock market displayed a mixed performance, with the S&P 500 and Nasdaq Composite showing gains while the Dow",,"Major Indexes Show Mixed Performance

As of Thursday, January 30, 2025, the U.S. stock market displayed a mixed performance, with the S&P 500 and Nasdaq Composi...",https://thestockmarketwatch.com/stock-market-news/market-recap-sp-500-rises-amid-tech-earnings-and-economic-data/48831/,https://thestockmarketwatch.com/stock-market-news/wp-content/uploads/2024/08/5.jpg,en,2025-01-30 22:01:43+00:00,thestockmarketwatch.com,MSFT,0.402
1/30/25,1618cda2-6c59-4e01-9740-21ac57649816,"Market Recap: S&P 500, Nasdaq, and Dow Jones Close Lower as Fed Holds Rates Steady","In today's market recap for Thursday, January 30, 2025, we'll cover the performance of major market indexes, upcoming market events, and significant stock",,"In today’s market recap for Thursday, January 30, 2025, we’ll cover the performance of major market indexes, upcoming market events, and significant stock n...",https://thestockmarketwatch.com/stock-market-news/market-recap-sp-500-nasdaq-and-dow-jones-close-lower-as-fed-holds-rates-steady/48832/,https://thestockmarketwatch.com/stock-market-news/wp-content/uploads/2024/08/5.jpg,en,2025-01-30 22:29:35+00:00,thestockmarketwatch.com,MSFT,0.6121
1/30/25,0f9530ee-7abc-475e-9403-528160fdcedb,U.S. Stock Market’s Shocking Plunge: Is This Just the Beginning?,"The U.S. stock market has been on a rollercoaster ride, but its latest drop sent shockwaves through Wall Street. At the heart of the turmoil? A massive sell-off in tech stocks, triggered by a…",,"The U.S. stock market has been on a rollercoaster ride, but its latest drop sent shockwaves through Wall Street. At the heart of the turmoil? A massive sell-off...",https://medium.com/@thanusan940s/u-s-stock-markets-shocking-plunge-is-this-just-the-beginning-043f17ce3bad,https://miro.medium.com/v2/resize:fit:700/1*6CWqDo-7P-jEW2aPXcodpg@2x.jpeg,en,2025-01-30 23:44:01+00:00,medium.com,MSFT,-0.1061
3/5/25,060add8c-8a63-4e1f-a73b-56546996b8eb,iCAD and RamSoft Announce Partnership to Deliver ProFound® AI-Powered Mammography Solutions Across North America,**media[558390]**,"iCAD, and, RamSoft, Announce, Partnership, to, Deliver, ProFound®, AI-Powered, Mammography, Solutions, Across, North, America","NASHUA, N.H. and TORONTO, March 05, 2025 (GLOBE NEWSWIRE) -- iCAD, Inc. (NASDAQ: ICAD) a global leader in clinically proven AI-powered cancer detection solution...",https://www.manilatimes.net/2025/03/06/tmt-newswire/globenewswire/icad-and-ramsoft-announce-partnership-to-deliver-profound-ai-powered-mammography-solutions-across-north-america/2068061,https://www.manilatimes.net/manilatimes/uploads/images/2025/03/06/558390.jpg,en,2025-03-05 19:22:00+00:00,manilatimes.net,MSFT,0.5859
3/5/25,c708d490-65b9-4c41-85fa-f96993ef0c35,Marc Benioff: Microsoft (MSFT) Will Not Use OpenAI Because It’s ‘Too Expensive’ For Them,The AI stocks selloff that started following the launch of DeepSeek is still impacting the US markets.,,"We recently published a list of 10 AI News You Can’t Miss. In this article, we are going to take a look at where Microsoft Corporation (NASDAQ:MSFT) stands ag...",https://www.insidermonkey.com/blog/marc-benioff-microsoft-msft-will-not-use-openai-because-its-too-expensive-for-them-1472747/,https://d2gr5kl7dt2z3t.cloudfront.net/blog/wp-content/uploads/2015/05/shutterstock_191358239.jpg,en,2025-03-05 20:20:18+00:00,insidermonkey.com,MSFT,0.281283
3/5/25,a60e4f90-1b16-411c-83d6-64adc06f245a,Zoom Stock: Leading the Video Market After Skype’s Exit,Stocks Analysis by MarketBeat.com (Gabriel Osorio-Mazzilli) covering: Zoom Video Communications Inc. Read MarketBeat.com (Gabriel Osorio-Mazzilli)'s latest article on Investing.com,,"As the digital economy starts to go online across businesses and the world, investors have to be aware of the companies and services that will be at the forefro...",https://www.investing.com/analysis/zoom-stock-leading-the-video-market-after-skypes-exit-200657991,https://i-invdn-com.investing.com/redesign/images/seo/investingcom_analysis_og.jpg,en,2025-03-05 20:41:00+00:00,investing.com,MSFT,0
3/10/25,4cc513c7-28ec-474c-a261-eb52715683c9,Market Plunge: Tech Stocks Lead Selloff Amid Recession Fears,"On Monday, March 10, 2025, U.S. stock markets experienced a significant downturn, with technology stocks leading the selloff amid growing concerns about a",,"On Monday, March 10, 2025, U.S. stock markets experienced a significant downturn, with technology stocks leading the selloff amid growing concerns about a poten...",https://thestockmarketwatch.com/stock-market-news/market-plunge-tech-stocks-lead-selloff-amid-recession-fears/49008/,https://thestockmarketwatch.com/stock-market-news/wp-content/uploads/2024/08/5.jpg,en,2025-03-10 21:01:48+00:00,thestockmarketwatch.com,MSFT,-0.296
3/10/25,bc441e74-5796-473e-886c-dd52a014131c,The Bubble is Bursting,Lessons from the 2000 bubble can tell us what comes next.,,"The Bubble is Bursting

In 2000, Sun Microsystems was one of the hottest stocks in the world.

Sun seemed to have everything going for it. They were a leader in...",https://dailyreckoning.com/the-bubble-is-bursting/,https://dailyreckoning.com/wp-content/uploads/2025/03/dr-hero-img-03-10-25.jpg,en,2025-03-10 22:01:37+00:00,dailyreckoning.com,MSFT,0.9136
3/10/25,72fd79a3-4a44-47e3-806d-99b1b8af7933,U.S. Stock Market Plummets Amid Tariff Policy Concerns,"Investors are increasingly worried about the uncertainty surrounding tariff policies, leading to significant declines in U.S. stock markets. The three major ind","GuruFocus, Article, News, GuruFocus News, AAPL","Investors are increasingly worried about the uncertainty surrounding tariff policies, leading to significant declines in U.S. stock markets. The three major ind...",https://www.gurufocus.com/news/2734528/us-stock-market-plummets-amid-tariff-policy-concerns,https://static.gurufocus.com/logos/0C00000ADA.png?20,en,2025-03-10 23:50:20+00:00,gurufocus.com,MSFT,-0.0258
3/14/25,5bd37527-97ce-466e-8935-1d13b5590e85,"Market Rebounds Sharply After Correction: End-of-Day Recap for March 14, 2025","In a dramatic turnaround, U.S. stocks staged a significant rebound on Friday, March 14, 2025, following a tumultuous week that saw the S&P 500 enter",,"In a dramatic turnaround, U.S. stocks staged a significant rebound on Friday, March 14, 2025, following a tumultuous week that saw the S&P 500 enter correction ...",https://thestockmarketwatch.com/stock-market-news/market-rebounds-sharply-after-correction-end-of-day-recap-for-march-14-2025/49039/,https://thestockmarketwatch.com/stock-market-news/wp-content/uploads/2024/08/5.jpg,en,2025-03-14 21:01:54+00:00,thestockmarketwatch.com,MSFT,0.1779
3/14/25,1a54a290-6794-4deb-8a56-3fe010cdbfaa,"Market Recap: Stocks Rebound Sharply on Friday, March 14, 2025","In a dramatic turnaround, U.S. stocks rebounded sharply on Friday, March 14, 2025, marking their best performance of the year. This rally came after a",,"Major Indexes Stage Impressive Recovery

In a dramatic turnaround, U.S. stocks rebounded sharply on Friday, March 14, 2025, marking their best performance of th...",https://thestockmarketwatch.com/stock-market-news/market-recap-stocks-rebound-sharply-on-friday-march-14-2025/49040/,https://thestockmarketwatch.com/stock-market-news/wp-content/uploads/2024/08/5.jpg,en,2025-03-14 21:28:37+00:00,thestockmarketwatch.com,MSFT,0.7964
3/14/25,479544bd-bfb2-4db5-aa3d-b433149f09fe,UBS Reiterates ‘Buy’ on Microsoft Corporation (MSFT) Despite Azure Growth Concerns,"Celestial AI™, creator of the Photonic Fabric™ optical interconnect technology platform, recently announced that it has raised an additional $250 million in venture capital, bringing its total raised...",,"Artificial intelligence is the greatest investment opportunity of our lifetime. The time to invest in groundbreaking AI is now, and this stock is a steal!

The ...",https://www.insidermonkey.com/blog/ubs-reiterates-buy-on-microsoft-corporation-msft-despite-azure-growth-concerns-1482420/,https://d2gr5kl7dt2z3t.cloudfront.net/blog/wp-content/uploads/2023/09/19152304/MSFT-insidermonkey-1695151382226.jpg,en,2025-03-14 22:22:18+00:00,insidermonkey.com,MSFT,-0.1202
3/28/25,26cbb6e1-744d-4ac0-b573-3e1ee8bb7e19,"Trump was supposed to unlock IPO market, but CoreWeave debut reflects ongoing skepticism","After pricing its IPO below the expected range, CoreWeave's stock didn't do much in its debut on Friday, reflecting concerns about the macro environment.","CoreWeave Inc, Amazon.com Inc, Alphabet Inc, Microsoft Corp, NVIDIA Corp, Technology, Business, Social media, Breaking News: Technology, Goldman Sachs Group Inc, Donald J. Trump, Breaking News: Politics, Politics, Venture capital, IPO, business news","CoreWeave Inc. signage during the company's initial public offering at the Nasdaq MarketSite in New York, US, on Friday, March 28, 2025.

It wasn't supposed to ...",https://www.cnbc.com/2025/03/28/trump-was-supposed-to-unlock-ipos-coreweave-debut-reflects-skepticism.html,https://image.cnbcfm.com/api/v1/image/108122853-1743173894028-gettyimages-2206660254-COREWEAVE_IPO.jpeg?v=1743173994&w=1920&h=1080,en,2025-03-28 20:19:42+00:00,cnbc.com,MSFT,-0.5859
3/28/25,103cfdc9-9104-4722-8f69-06d207d8051c,Market Recap: Stocks Plunge on Inflation Fears and Tariff Concerns,"The stock market experienced a significant downturn on Friday, March 28, 2025, as investors grappled with hotter-than-expected inflation data and growing",,"The stock market experienced a significant downturn on Friday, March 28, 2025, as investors grappled with hotter-than-expected inflation data and growing concer...",https://thestockmarketwatch.com/stock-market-news/market-recap-stocks-plunge-on-inflation-fears-and-tariff-concerns/49117/,https://thestockmarketwatch.com/stock-market-news/wp-content/uploads/2024/08/5.jpg,en,2025-03-28 21:02:01+00:00,thestockmarketwatch.com,MSFT,0.2263
3/28/25,6c2240b0-81f0-4405-9207-90b5f14a6841,US Stocks Plunge Amid Rising Inflation and Trade Uncertainty,U.S. stock markets faced significant sell-offs due to rising inflation and global trade policy uncertainties. The Dow Jones Industrial Average dropped as much a,"GuruFocus, Article, News, GuruFocus News, AAPL",U.S. stock markets faced significant sell-offs due to rising inflation and global trade policy uncertainties. The Dow Jones Industrial Average dropped as much a...,https://www.gurufocus.com/news/2755289/us-stocks-plunge-amid-rising-inflation-and-trade-uncertainty,https://static.gurufocus.com/logos/0C00000ADA.png?20,en,2025-03-28 21:40:15+00:00,gurufocus.com,MSFT,-0.25
4/4/25,98d16cfc-8329-4c18-9b2b-6989035f3788,"Former Microsoft CEO Steve Ballmer says, as shareholder, tariffs are 'not good'","Despite tariff impact, Microsoft's top shareholder said he's a long-term believer in the company, given its opportunity in compute and intelligence.","Breaking News: Politics, Microsoft Corp, Business, Technology, Breaking News: Technology, Enterprise, Politics, business news","Steve Ballmer, former chief executive officer of Microsoft Corp., speaks during an event commemorating the 50th anniversary of the company at Microsoft headquar...",https://www.cnbc.com/2025/04/04/former-microsoft-ceo-steve-ballmer-on-trump-tariffs-not-good.html,https://image.cnbcfm.com/api/v1/image/108126998-1743795925801-gettyimages-2207879590-MICROSOFT_COPILOT.jpeg?v=1743795967&w=1920&h=1080,en,2025-04-04 21:04:26+00:00,cnbc.com,MSFT,0.341271
4/4/25,d415a232-a123-4425-b8fe-fb46798d3c74,Market Today: Tech Giants Eye Government Contracts Amid Tariff Turmoil,"Market Overview
This week witnessed a significant downturn in U.S. equity markets, primarily driven by escalating trade tensions and recession fears. President","GuruFocus, Article, News, GuruFocus News, AAPL, AMZN, MSFT, ORCL, MRVL, ON, BA, LMT, NKE, LULU, DOW, LYB, 228K(consensus130K);Priorrevisedto117Kfrom151K</li>
<li>MarchNonfarmPrivatePayrolls","Market Overview

This week witnessed a significant downturn in U.S. equity markets, primarily driven by escalating trade tensions and recession fears. President...",https://www.gurufocus.com/news/2763753/market-today-tech-giants-eye-government-contracts-amid-tariff-turmoil,https://static.gurufocus.com/1732803573856661504.png,en,2025-04-04 22:32:24+00:00,gurufocus.com,MSFT,0.8402
4/4/25,9996b775-13f7-4f85-a777-cf49b0862569,Microsoft (MSFT) Gains Sector Outperform Rating from Scotiabank Amid AI Advances,"Key Highlights:
    Scotiabank initiates coverage of Microsoft Corp (MSFT) with a Sector Outperform rating.    Analysts project a significant upside for Microso","GuruFocus, Article, News, GuruFocus News, MSFT","Key Highlights:

Scotiabank initiates coverage of Microsoft Corp (MSFT, Financial) with a Sector Outperform rating.

Analysts project a significant upside for M...",https://www.gurufocus.com/news/2763811/microsoft-msft-gains-sector-outperform-rating-from-scotiabank-amid-ai-advances,https://static.gurufocus.com/logos/0C000008EC.png?20,en,2025-04-04 23:56:50+00:00,gurufocus.com,MSFT,0.372886
4/9/25,a72f9f21-17b5-407a-9991-701a3a66e3bb,Microsoft announces quarterly earnings release date,"PR NewswireREDMOND, Wash., April 9, 2025



REDMOND, Wash., April 9, 2025 /PRNewswire/ -- Microsoft Corp. will publish fiscal year 2025 third-quarter financia","GuruFocus, Article, News, PRNewswire, NAS:MSFT","REDMOND, Wash., April 9, 2025 /PRNewswire/ -- Microsoft Corp. will publish fiscal year 2025 third-quarter financial results after the close of the market on Wed...",https://www.gurufocus.com/news/2770005/microsoft-announces-quarterly-earnings-release-date,https://static.gurufocus.com/images/global_logo_twitter_card.png,en,2025-04-09 22:00:15+00:00,gurufocus.com,MSFT,0.274125
4/9/25,fbc932ba-d4db-4e5c-a483-a53fe2f76e4e,Market Today: Trump's Tariff Pause Sparks Historic Market Rally,"Market Overview
It was a significant day for the stock market, with major indices experiencing substantial gains. The Nasdaq Composite surged nearly 12%, the S&","GuruFocus, Article, News, GuruFocus News, TSLA, NVDA, BABA, AMZN, W, URBN, AAPL, STLA, MU, C, JPM, +267at6238</li>
<li>NaturalGas","Market Overview

It was a significant day for the stock market, with major indices experiencing substantial gains. The Nasdaq Composite surged nearly 12%, the S...",https://www.gurufocus.com/news/2770133/market-today-trumps-tariff-pause-sparks-historic-market-rally,https://static.gurufocus.com/1732803573856661504.png,en,2025-04-09 22:32:32+00:00,gurufocus.com,MSFT,0.6486
4/9/25,3b3c35a4-68bd-4f87-8428-afea8e0a9a03,Dow Jones: Double Bottom in Focus as Tariff Volatility Persists,"Market Analysis by  covering: Dow Jones Industrial Average, CBOE Volatility Index. Read 's Market Analysis on Investing.com",,"The Dow Jones is showing a potential double bottom pattern amid China’s retaliatory tariffs.

Volatility is high, with the S&P 500 experiencing a significant ...",https://www.investing.com/analysis/dow-jones-double-bottom-in-focus-as-tariff-volatility-persists-200659301,https://i-invdn-com.investing.com/redesign/images/seo/investingcom_analysis_og.jpg,en,2025-04-09 23:24:00+00:00,investing.com,MSFT,0.4391
4/16/25,17d82897-3b3c-4ad3-8548-6e2c02093125,Is Microsoft (MSFT) the Best NASDAQ Stock to Buy So Far in 2025?,We recently published a list of 13 Best NASDAQ Stocks to Buy So Far in 2025.,,"We recently published a list of 13 Best NASDAQ Stocks to Buy So Far in 2025. In this article, we are going to take a look at where Microsoft Corporation (NASDAQ...",https://www.insidermonkey.com/blog/is-microsoft-msft-the-best-nasdaq-stock-to-buy-so-far-in-2025-1509358/,https://d2gr5kl7dt2z3t.cloudfront.net/blog/wp-content/uploads/2023/09/19152304/MSFT-insidermonkey-1695151382226.jpg,en,2025-04-16 21:06:43+00:00,insidermonkey.com,MSFT,0.380071
4/16/25,f7c8ab35-c7e9-48c9-ba0f-17ee4978fed5,Tech Stocks Plunge as Fed Chair Powell Expresses Inflation Concerns,Federal Reserve Chair Jerome Powell expressed concerns about the central bank's challenge in balancing inflation control with economic growth. Following his rem,"GuruFocus, Article, News, GuruFocus News, AAPL",Federal Reserve Chair Jerome Powell expressed concerns about the central bank's challenge in balancing inflation control with economic growth. Following his rem...,https://www.gurufocus.com/news/2785258/tech-stocks-plunge-as-fed-chair-powell-expresses-inflation-concerns,https://static.gurufocus.com/logos/0C00000ADA.png?20,en,2025-04-16 22:10:11+00:00,gurufocus.com,MSFT,0
4/16/25,0432ccd6-9e4b-4177-80f4-9bdd4cf3a433,"Market Today: Nvidia and AMD Hit by Export Licensing, Fed's Tariff Concerns","Market Performance

Stocks faced significant selling pressure, resulting in sharp declines across major indices. The S&P 500 decreased by 2.2%, the Nasdaq Compo","GuruFocus, Article, News, GuruFocus News, AMZN, NVDA, AMD, COST, F, META, PLTR, ABT, BAX, JNJ, MDT, PGR, Consensus1418million;Prior1501million</li>
<li>BuildingPermits","Market Performance

Stocks faced significant selling pressure, resulting in sharp declines across major indices. The S&P 500 decreased by 2.2%, the Nasdaq Compo...",https://www.gurufocus.com/news/2785300/market-today-nvidia-and-amd-hit-by-export-licensing-feds-tariff-concerns,https://static.gurufocus.com/1732803573856661504.png,en,2025-04-16 22:32:20+00:00,gurufocus.com,MSFT,0.296
4/24/25,caee3df8-3c61-43fb-bf3a-fc827ec38c76,US Stocks Surge as Fed Rate Cut Speculations Boost Tech Sector,U.S. stock markets rallied with tech stocks leading the charge after Federal Reserve officials hinted at a potential rate cut in June. The Dow Jones Industrial,"GuruFocus, Article, News, GuruFocus News, NVDA",U.S. stock markets rallied with tech stocks leading the charge after Federal Reserve officials hinted at a potential rate cut in June. The Dow Jones Industrial ...,https://www.gurufocus.com/news/2803389/us-stocks-surge-as-fed-rate-cut-speculations-boost-tech-sector,https://static.gurufocus.com/logos/0C00000BXN.png?20,en,2025-04-24 22:50:16+00:00,gurufocus.com,MSFT,0.8625
4/24/25,38d73b75-3157-4f5c-8fc4-a2b4c512fec9,Jim Cramer credits this week's rally to earnings and restraint from the White House,CNBC's Jim Cramer analyzed recent market action.,"Jim Cramer, Stock markets, Investment strategy, Business, Markets, Microsoft Corp, Procter & Gamble Co, ServiceNow Inc, Texas Instruments Inc, GE Vernova Inc, GS Acquisition Holdings Corp, Meta Platforms Inc, Tesla Inc, Amazon.com Inc, NVIDIA Corp, NASDAQ Composite, S&P 500 Index, Dow Jones Industrial Average, PepsiCo Inc., business news",CNBC's Jim Cramer analyzed the market's rally over the past few sessions — which followed days of staggering losses — pointing to strong earnings results an...,https://www.cnbc.com/2025/04/24/jim-cramer-attributes-rally-to-earnings-less-noise-from-white-house.html,https://image.cnbcfm.com/api/v1/image/107076310-1655341006752-IMG_1949rbbb.jpg?v=1697582097&w=1920&h=1080,en,2025-04-24 23:02:52+00:00,cnbc.com,MSFT,0.6597
4/24/25,03faf8d7-36b6-4c3e-b465-346fe6b6f7f8,"US stocks settle higher, Dow Jones above 40,000 pts","US stocks settle higher, Dow Jones above 40,000 pts","At Argaam Plus, you get up to date news on Saudi Stock Market tadawul, stock quotes, company performance, Market data and analysis. Top companies Sabic, Maaden, Banks, Petrochemicals","US stocks rose on Thursday, supported by strong performances from major technology companies, amid anticipation for any signs of easing trade tensions between W...",https://www.argaam.com/en/reports/international_market_daily_report/48567?preview=true,https://www.argaam.com/content/en/images/argaam-plus-social1.jpg,en,2025-04-24 23:12:00+00:00,argaam.com,MSFT,0
5/1/25,54580e1b-a132-4321-90cc-6c9bcdcdf070,TSM Leads Gains Among Mixed Performance in Chinese Stocks,"On Thursday, Chinese stocks listed in the U.S. showed mixed performance. The Nasdaq Golden Dragon China Index (HXC) rose by 0.22%. Among the gainers, Taiwan Sem","GuruFocus, Article, News, GuruFocus News, TSM","On Thursday, Chinese stocks listed in the U.S. showed mixed performance. The Nasdaq Golden Dragon China Index (HXC) rose by 0.22%. Among the gainers, Taiwan Sem...",https://www.gurufocus.com/news/2822295/tsm-leads-gains-among-mixed-performance-in-chinese-stocks,https://static.gurufocus.com/logos/0C00000CIF.png?20,en,2025-05-01 21:50:12+00:00,gurufocus.com,MSFT,0.8481
5/1/25,c500cbac-f19d-4f54-86fd-ad1a3a049809,Strong Earnings from MSFT and META Propel Nasdaq While Other Stocks React,"The U.S. stock market saw a robust rise as investors focused on major corporate earnings, alleviating economic slowdown concerns. The Nasdaq surged 264 points,","GuruFocus, Article, News, GuruFocus News, MSFT","The U.S. stock market saw a robust rise as investors focused on major corporate earnings, alleviating economic slowdown concerns. The Nasdaq surged 264 points, ...",https://www.gurufocus.com/news/2822811/strong-earnings-from-msft-and-meta-propel-nasdaq-while-other-stocks-react,https://static.gurufocus.com/logos/0C000008EC.png?20,en,2025-05-01 22:10:14+00:00,gurufocus.com,MSFT,0.2732
5/1/25,d7774412-c6e2-4cd4-8f9d-874927993f8d,"ASX Market Open: Australian market to drop despite tech-drive night of gains on Wall St | May 2, 2025","The Aussie stock market is set to open lower as we head towards the weekend and Federal election, despite an optimistic Wall Street",,"The ASX200 is set to open nearly a third of a percent lower (0.27%) despite a strong performance on Wall Street overnight, which was itself underpinned by Big T...",https://themarketonline.com.au/asx-market-open-australian-market-to-drop-despite-tech-drive-night-of-gains-on-wall-st-may-2-2025-2025-05-02/,https://themarketonline.com.au/wp-content/uploads/2025/04/MO-fall-e1745794722655.png,en,2025-05-01 22:56:53+00:00,themarketherald.com.au,MSFT,0.8968
5/2/25,b9054499-2491-46da-8509-1cd3cc3fc17e,S&P index closes up for the 9th day.,Major indices close higher for the second consecutive week.,,"The S&P is closing higher for the ninth consecutive day.

Since bottoming on April 21, the index is up 11.48%.

Looking at the other major indices, the NASDAQ i...",https://www.forexlive.com/stock-market-update/sp-index-closes-up-for-the-9th-day-20250502/,https://images.forexlive.com/fl-static/fl-thumbnail.jpg,en,2025-05-02 20:07:43+00:00,forexlive.com,MSFT,0.6647
5/2/25,65485eba-2ea5-4da9-bb5a-d533b2c46a42,S&P 500 Notches Longest Winning Streak Since 2004 As Stocks Claw Back From ‘Liberation Day’ Crash,"The AI trade is back in vogue, with the likes of Meta, Palantir and Tesla all gaining at least 20% during the historic rally.",,"Topline

Stocks rallied again Friday on a key data point showing strength in the U.S. economy and optimism about trade talks between the U.S. and China, sending...",https://www.forbes.com/sites/dereksaul/2025/05/02/sp-500-notches-longest-winning-streak-since-2004-as-stocks-claw-back-from-liberation-day-crash/,"https://imageio.forbes.com/specials-images/imageserve/6814e293ee7f558094f8c10f/0x0.jpg?format=jpg&crop=1486,836,x0,y76,safe&height=900&width=1600&fit=bounds",en,2025-05-02 20:08:09+00:00,forbes.com,MSFT,0.78875
5/2/25,f2aeb146-7745-4507-9552-bfa7fb55165f,"Wall Street sees 9th straight day of gains, reclaiming losses since Trump’s tariff escalation",The rally was spurred by a better-than-expected report on the U.S. job market and resurgent hope for a ratcheting down in the U.S. trade showdown with China.,,"Wall Street extended its gains to a ninth straight day Friday, marking the stock market’s longest winning streak since 2004 and reclaiming the ground it lost ...",https://www.pbs.org/newshour/economy/wall-street-sees-9th-straight-day-of-gains-reclaiming-losses-since-trumps-tariff-escalation,https://d3i6fh83elv35t.cloudfront.net/static/2025/05/2025-04-30T154600Z_992978364_RC2E8EA4A57Z_RTRMADP_3_USA-STOCKS-1024x683.jpg,en,2025-05-02 21:11:45+00:00,pbs.org,MSFT,0.4588
5/12/25,a114e7a0-7777-49f6-ba87-ddc0161de82f,"NioCorp CEO Mark Smith to Present to European Investors on May 16, 2025","Event Hosted in Antwerp Will Be Webcast Live CENTENNIAL, CO / ACCESS Newswire / May 12, 2025 / NioCorp Developments Ltd. (""NioCorp"" or the ""Company"") (NASDAQ:NB","GuruFocus, Article, News, ACCESSWIRE, NAS:NB","Event Hosted in Antwerp Will Be Webcast Live

CENTENNIAL, CO / ACCESS Newswire / May 12, 2025 / NioCorp Developments Ltd. (""NioCorp"" or the ""Company"") (NASDAQ:N...",https://www.gurufocus.com/news/2854224/niocorp-ceo-mark-smith-to-present-to-european-investors-on-may-16-2025,https://static.gurufocus.com/images/global_logo_twitter_card.png,en,2025-05-12 17:00:05+00:00,gurufocus.com,MSFT,0
5/12/25,7797dba2-bcce-487a-8894-6845a2caeba5,Left Field Labs and Hasbro Win Two Webby Awards for Twister AIR,"PR NewswireLOS ANGELES, May 12, 2025



Experience for Hasbro wins Internet's highest honor for Augmented Reality Game LOS ANGELES, May 12, 2025 /PRNewswire/","GuruFocus, Article, News, PRNewswire, NAS:STGW","Experience for Hasbro wins Internet's highest honor for Augmented Reality Game

LOS ANGELES, May 12, 2025 /PRNewswire/ -- Left Field Labs, a creative technology...",https://www.gurufocus.com/news/2854916/left-field-labs-and-hasbro-win-two-webby-awards-for-twister-air,https://static.gurufocus.com/images/global_logo_twitter_card.png,en,2025-05-12 20:00:03+00:00,gurufocus.com,MSFT,0.1779
5/12/25,1124c7df-fb2e-4312-a6ef-c09381090b3a,"Bezos, Musk And Zuckerberg Grow More Than $30 Billion Richer After Tariff Deal",The “dream scenario” for tech investors helped send the S&P 500 to its highest level since early March.,,"Topline Stocks surged across the board Monday as the U.S. and China’s trade war deescalated significantly, and the most valuable American companies largely sl...",https://www.forbes.com/sites/dereksaul/2025/05/12/us-china-tariff-thaw-sparks-stock-rally-making-bezos-musk-and-zuckerberg-more-than-40-billion-richer/,"https://imageio.forbes.com/specials-images/imageserve/66faf5efcad0a16211cdf36c/0x0.jpg?format=jpg&crop=1963,1310,x0,y158,safe&height=900&width=1600&fit=bounds",en,2025-05-12 20:22:57+00:00,forbes.com,MSFT,0.5859
5/27/25,f818cb8f-a8c5-4f82-b1e2-1a1546de8ce3,Alaska Communications Welcomes Yasir Alvi as CFO,"Experienced financial leader Yasir Alvi will join Alaska Communications as chief financial officer beginning June 2, 2025.
This press release features multimed","GuruFocus, Article, News, Business Wire, NAS:ATNI","Experienced financial leader Yasir Alvi will join Alaska Communications as chief financial officer beginning June 2, 2025.

This press release features multimed...",https://www.gurufocus.com/news/2889939/alaska-communications-welcomes-yasir-alvi-as-cfo,https://static.gurufocus.com/images/global_logo_twitter_card.png,en,2025-05-27 18:00:02+00:00,gurufocus.com,MSFT,0
5/27/25,38e9e6ed-293d-409c-ab7e-ba1f562629bf,Nvidia reports Q1 earnings this week: Here’s what to expect,"NVDA stock rises in anticipation of Nvidia's fiscal Q1 earnings report on Wednesday, May 28.",,"Nvidia’s earnings have become some of the most closely watched numbers on Wall Street. The company makes up about 6.5% of the Nasdaq 100, and 5.5% of the S&P ...",https://www.fastcompany.com/91341195/nvidia-reports-q1-earnings-this-week-heres-what-to-expect?partner=rss&amp;utm_source=rss&amp;utm_medium=feed&amp;utm_campaign=rss+fastcompany&amp;utm_content=rss,"https://images.fastcompany.com/image/upload/f_webp,q_auto,c_fit,w_1024,h_1024/wp-cms-2/2025/05/p-91341195-nvidia-earnings-may-2025.jpg",en,2025-05-27 19:30:00+00:00,fastcompany.com,MSFT,0.6733
5/27/25,62279cde-231a-4430-8fdb-fb7fc3c75c4f,Iceberg Research Predicts Downfall for The Metals Company (TMC) | TMC Stock News,"Iceberg Research has taken a short position against The Metals Company (TMC), a firm listed on Nasdaq that focuses on mining valuable metals like manganese, nic","GuruFocus, Article, News, GuruFocus News, TMC","Iceberg Research has taken a short position against The Metals Company (TMC, Financial), a firm listed on Nasdaq that focuses on mining valuable metals like man...",https://www.gurufocus.com/news/2890351/iceberg-research-predicts-downfall-for-the-metals-company-tmc-tmc-stock-news,https://static.gurufocus.com/images/global_logo_twitter_card.png,en,2025-05-27 20:16:12+00:00,gurufocus.com,MSFT,0.1779
7/31/25,8170c7b3-6533-459d-988e-adc29ed0d1a3,Tech Earnings Drive Market Volatility as Major Indexes Close Lower,"The U.S. stock market experienced a volatile trading session on Thursday, July 31, 2025, with major indexes ultimately closing lower despite an early surge",,"The U.S. stock market experienced a volatile trading session on Thursday, July 31, 2025, with major indexes ultimately closing lower despite an early surge fuel...",https://stockmarketwatch.com/stock-market-news/tech-earnings-drive-market-volatility-as-major-indexes-close-lower/51315/,https://stockmarketwatch.com/stock-market-news/wp-content/uploads/2025/07/smw-icon-1000x700-logo.png,en,2025-07-31 21:07:28+00:00,thestockmarketwatch.com,MSFT,0.66075
7/31/25,83dff73f-0525-47b8-b862-c2f464b99186,Investinglive Americas FX news wrap 31 Jul: Core PCE stays elevated at 2.8%.Stocks fall.,"Forex news for North American trading on Jul 31, 2025",,"In June, U.S. core PCE inflation rose 0.3% month-over-month, in line with expectations and marking the highest monthly gain since February, while the annual rat...",https://investinglive.com/news/investinglive-americas-fx-news-wrap-31-jul-core-pce-stays-elevated-at-28stocks-fall-20250731/,https://images.investinglive.com/images/wrap%20candles%203_id_e3b2ec8e-5de7-4f63-ab37-56f394dc2755_size975.jpg,en,2025-07-31 21:22:22+00:00,forexlive.com,MSFT,0.1683
7/31/25,0c9af76e-7df0-47f1-9e41-a08a9f6213a4,"Microsoft joins exclusive $4T market cap club after AI surge, joining only one other company",Microsoft joined Nvidia as only the second company to reach a $4 trillion market cap due to strong demand for artificial intelligence and cloud products,,"Microsoft touched $4 trillion in market cap Thursday, joining Nvidia as the only two companies to reach this level.

Ticker Security Last Change Change % MSFT M...",https://www.foxbusiness.com/markets/microsoft-hits-4-trillion-juicing-etfs-who-own-tech-giant,https://a57.foxnews.com/static.foxbusiness.com/foxbusiness.com/content/uploads/2025/07/0/0/gettyimages-2195894725.jpg?ve=1&tl=1,en,2025-07-31 22:54:38+00:00,foxbusiness.com,MSFT,0.382914
10/30/25,d9f46713-c150-414d-a783-b79af2744394,"Big Tech Tumbles, Metals Shine","[Chart courtesy of MarketWatch.com] Stocks slipped early on as tech earnings took center stage, with the S&P 500 and Nasdaq both retreating from recent highs. Alphabet provided a bright spot by rallying about 5% on better-than-expected results, but Meta Platforms and Microsoft tumbled roughly 12% and 2%, respectively, after their quarterly reports triggered investor worries over rising spending forecasts and ... Read More",,"[Chart courtesy of MarketWatch.com]

Moving the market

Stocks slipped early on as tech earnings took center stage, with the S&P 500 and Nasdaq both retreating ...",https://theetfbully.com/2025/10/big-tech-tumbles-metals-shine/,https://theetfbully.com/wp-content/uploads/2025/10/Thur-pic-4.png,en,2025-10-30 20:47:10+00:00,theetfbully.com,MSFT,0.6369
10/30/25,c985f526-ae18-419a-afc0-c85582b61b10,Tech Earnings and Fed Caution Drive Mixed Market Close on October 30th,"The U.S. stock market concluded Thursday, October 30, 2025, with a mixed performance, as investors grappled with a barrage of mixed signals from the latest",,"The U.S. stock market concluded Thursday, October 30, 2025, with a mixed performance, as investors grappled with a barrage of mixed signals from the latest roun...",https://stockmarketwatch.com/stock-market-news/tech-earnings-and-fed-caution-drive-mixed-market-close-on-october-30th/55334/,https://stockmarketwatch.com/stock-market-news/wp-content/uploads/2025/07/smw-icon-1000x700-logo.png,en,2025-10-30 21:07:57+00:00,thestockmarketwatch.com,MSFT,0.0919
10/30/25,2f090b1e-5c95-47f4-9968-7a1bc7ec7f65,"Microsoft: Q3 Earnings Were Flawless, Stock Is A Buy (MSFT)","Microsoft Corporation delivered strong fiscal Q1 '26 results, beating expectations on both EPS and revenue. Learn more about MSFT stock here.",,"Microsoft Corporation ( MSFT ) reported an all-around beat for fiscal Q1 '26 on October 29, but the market did not seem to love what they saw. The stock is trad...",https://seekingalpha.com/article/4835946-microsoft-q3-earnings-were-flawless-stock-is-a-buy,https://static.seekingalpha.com/cdn/s3/uploads/getty_images/2197050427/image_2197050427.jpg?io=getty-c-w1536,en,2025-10-30 23:27:40+00:00,seekingalpha.com,MSFT,0.08465
12/10/25,a73bf1ac-b6a7-4713-b58b-c7e379894b12,Oracle set to report quarterly results after the bell,Oracle's hefty infrastructure costs and rising debt load have weighed on the stock in the past few months.,"Larry Ellison, Alphabet Class A, Microsoft Corp, Amazon.com Inc, Enterprise, Technology, Business, Oracle Corp, Safra Catz, business news","Larry Ellison, Oracle's co-founder and chief technology officer, appears at the Formula One British Grand Prix in Towcester, U.K., on July 6, 2025.

Oracle is s...",https://www.cnbc.com/2025/12/10/oracle-orcl-q2-earnings-report-2026.html,https://image.cnbcfm.com/api/v1/image/108239404-1765319257574-gettyimages-2223383256-2025_F1_British_GP_556932.jpeg?v=1765319383&w=1920&h=1080,en,2025-12-10 17:10:09+00:00,cnbc.com,MSFT,0.0516
12/10/25,59ef70ac-ed10-4e51-a858-fd6647f69795,"Wall Street Lunch: 3rd Straight FOMC Cut, But Dissents Grow","As widely expected, the Federal Open Market Committee reduced its benchmark interest rate by 25 basis points on Wednesday, its third straight cut.",,"asbe/iStock via Getty Images

Listen below or on the go on Apple Podcasts and Spotify

This is an abridged transcript of the podcast:

As widely expected, the F...",https://seekingalpha.com/article/4852258-wall-street-lunch-3rd-straight-fomc-cut-but-dissents-grow,https://static.seekingalpha.com/cdn/s3/uploads/getty_images/2234483669/image_2234483669.jpg?io=getty-c-w1536,en,2025-12-10 21:45:00+00:00,seekingalpha.com,MSFT,0.128
12/10/25,335a6769-d3cf-421a-8e7c-ca401a034c86,Cisco's stock closes at record for first time since dot-com peak in 2000,"Cisco was at the center of the internet boom, but has a much different role in today's artificial intelligence craze.","Internet, Cisco Systems Inc, Business, Technology, Breaking News: Technology, Enterprise, Microsoft Corp, NVIDIA Corp, business news","Chuck Robbins, chief executive officer of Cisco, participates in a Bloomberg interview at the World Economic Forum in Davos, Switzerland, on Jan. 17, 2024.

Few...",https://www.cnbc.com/2025/12/10/ciscos-stock-closes-at-record-for-first-time-since-dot-com-peak-2000.html,https://image.cnbcfm.com/api/v1/image/107415547-1715802493761-gettyimages-1932183702-DAVOS_WEF_2024.jpeg?v=1765403389&w=1920&h=1080,en,2025-12-10 22:34:31+00:00,cnbc.com,MSFT,0.7152